Title,Artist,Album,Genre,PlayCount,SkipCount,Year,DurationSec,PlayedDate,DateAdded
Smooth Operator (Single Version),Sade,The Best of Sade,R&B/Soul,23,11,1984,259,2026-08-21T16:20:19.000Z,2025-11-26T17:09:24.000Z
Skyfall,Adele,Skyfall - Single,Pop,40,8,2012,286,2026-08-21T16:25:05.000Z,2024-05-30T18:57:00.000Z
Happy Nation,Ace of Base,Happy Nation - Single,Pop,38,13,1993,256,2026-09-02T04:17:24.000Z,2025-11-26T17:09:22.000Z
Cheri Cheri Lady,Modern Talking,L'Essentiel,Pop,19,12,1988,226,2026-08-04T18:55:59.000Z,2025-11-26T17:09:21.000Z
Brother Louie Mix '98 (Radio Edit) [feat. Eric Singleton],Modern Talking,Back for Good,Pop,7,5,1998,204,2026-08-04T18:59:24.000Z,2025-11-26T17:09:21.000Z
Something In The Way,Nirvana,Nevermind,Rock,72,4,1991,232,2026-09-03T15:18:22.000Z,2024-05-27T15:52:10.000Z
Don't Stop 'Til You Get Enough,Michael Jackson,Off the Wall,Pop,17,24,1979,364,2026-08-14T12:31:14.000Z,2024-05-30T18:57:10.000Z
I Just Can't Stop Loving You,Michael Jackson & Siedah Garrett,Bad (25th Anniversary Edition),Pop,7,0,1987,254,2026-08-14T12:35:26.000Z,2025-11-26T08:42:50.000Z
Dirty Diana,Michael Jackson,Number Ones,Pop,6,1,1987,282,2026-07-22T20:58:36.000Z,2025-11-26T17:09:18.000Z
Smooth Criminal,Michael Jackson,Bad (25th Anniversary Edition),Pop,18,4,1987,258,2026-08-23T21:41:46.000Z,2025-11-26T08:42:50.000Z
Man In the Mirror,Michael Jackson,"HIStory - PAST, PRESENT AND FUTURE - BOOK I",Pop,8,3,1987,319,2026-07-22T21:08:12.000Z,2025-11-26T17:09:17.000Z
Get On the Floor,Michael Jackson,Off the Wall,Pop,17,4,1979,278,2026-07-10T13:17:41.000Z,2024-05-30T18:57:17.000Z
Rock With You,Michael Jackson,Off the Wall,Pop,14,3,1979,220,2026-07-10T13:21:21.000Z,2024-05-30T18:57:17.000Z
Off the Wall,Michael Jackson,Off the Wall,Pop,15,2,1979,246,2026-06-27T19:38:07.000Z,2024-05-30T18:57:18.000Z
Give In to Me,Michael Jackson,Dangerous,Pop,64,6,1991,330,2026-08-29T14:43:44.000Z,2024-05-30T18:57:20.000Z
"My Heart Will Go On (Love Theme from ""Titanic"")",Céline Dion & James Horner,Titanic (Original Motion Picture Soundtrack) - Collector's Anniversary Edition,Soundtrack,44,6,1997,311,2026-08-14T15:55:29.000Z,2025-11-26T17:09:13.000Z
Stan (feat. Dido),Eminem,The Marshall Mathers LP,Hip-Hop/Rap,93,12,2000,404,2026-09-01T20:59:06.000Z,2024-05-30T18:57:26.000Z
'Till I Collapse (feat. Nate Dogg),Eminem,The Eminem Show,Hip-Hop/Rap,98,24,2002,298,2026-09-03T16:36:36.000Z,2024-05-30T18:57:28.000Z
The Real Slim Shady,Eminem,The Marshall Mathers LP,Hip-Hop/Rap,42,10,2000,284,2026-08-16T19:47:31.000Z,2024-05-30T18:57:29.000Z
Without Me,Eminem,The Eminem Show,Hip-Hop/Rap,66,16,2002,290,2026-08-31T14:31:21.000Z,2024-05-30T18:57:30.000Z
Lose Yourself (Soundtrack Version) [Edited Version],Eminem,Curtain Call: The Hits,Hip-Hop/Rap,24,6,2002,321,2026-08-31T15:40:18.000Z,2025-11-26T17:09:09.000Z
Bad Habits,Ed Sheeran,=,Pop,28,7,2021,231,2026-07-25T19:49:16.000Z,2025-11-26T17:09:08.000Z
Shape of You,Ed Sheeran,÷ (Deluxe),Pop,59,7,2017,234,2026-08-31T15:23:38.000Z,2024-05-30T18:57:33.000Z
Careless Whisper,George Michael,Ladies & Gentlemen,Pop,63,3,1984,300,2026-08-25T08:27:40.000Z,2024-05-30T18:58:26.000Z
GTA V Theme - Welcome To Los Santos,Ben Morfitt (SquidPhysics),"Squidography, Vol. I",Soundtrack,79,3,2014,102,2026-08-26T11:56:41.000Z,2024-05-30T18:58:27.000Z
Soviet Connection — the Theme from Grand Theft Auto IV,Michael Hunter,Grand Theft Auto IV — the Theme Song Collection - EP,Soundtrack,42,7,2008,171,2026-08-21T17:17:16.000Z,2025-11-26T17:09:05.000Z
La Isla Bonita,Madonna,True Blue,Pop,55,11,1986,243,2026-08-29T11:33:46.000Z,2024-05-30T19:08:08.000Z
Into the Groove,Madonna,Celebration (Deluxe Version),Pop,15,3,1984,284,2026-06-29T07:55:33.000Z,2025-11-26T17:08:59.000Z
Holiday,Madonna,Celebration (Deluxe Version),Pop,11,2,1983,370,2026-06-24T19:43:31.000Z,2025-11-26T17:09:01.000Z
Express Yourself,Madonna,Like a Prayer,Pop,10,1,1989,279,2026-06-24T19:48:10.000Z,2025-11-26T17:09:02.000Z
Material Girl,Madonna,Celebration (Deluxe Version),Pop,8,2,1984,241,2026-06-24T19:52:11.000Z,2025-11-26T17:09:03.000Z
Madonna,Natanael Cano & Óscar Maydon,Madonna - Single,Latin,5,1,2024,187,2026-06-24T11:57:12.000Z,2025-11-26T17:09:04.000Z
Papa Don't Preach,Madonna,True Blue,Pop,14,3,1986,269,2026-06-24T12:01:40.000Z,2024-05-30T19:08:18.000Z
Hung Up,Madonna,Cheer Me Up Pop,Pop,3,0,2005,337,2026-06-24T12:07:17.000Z,2025-11-26T17:08:55.000Z
Open Your Heart,Madonna,True Blue,Pop,4,2,1986,253,2026-06-24T12:11:31.000Z,2024-05-30T19:08:22.000Z
Material Girl,Madonna,Like a Virgin,Pop,12,9,1984,241,2026-06-24T12:15:31.000Z,2024-05-30T19:08:16.000Z
Borderline,Madonna,Madonna,Pop,4,3,1983,321,2026-07-02T09:22:08.000Z,2024-05-30T19:08:23.000Z
Don't Tell Me,Madonna,Music (Bonus Track Version),Pop,1,0,2000,281,2026-01-15T16:19:43.000Z,2024-05-30T19:08:26.000Z
Frozen,Madonna,Ray of Light,Pop,6,4,1998,367,2026-03-24T09:01:08.000Z,2024-05-30T19:08:30.000Z
La Isla Bonita,Madonna,True Blue,Pop,55,11,1986,243,2026-08-29T11:33:46.000Z,2024-05-30T19:08:08.000Z
Lucky Star,Madonna,Madonna,Pop,2,0,1983,338,2026-03-27T13:52:56.000Z,2024-05-30T19:08:29.000Z
Frozen,Madonna & Sickick,Frozen - Single,Pop,10,1,2021,120,2026-06-13T17:34:06.000Z,2025-11-26T17:08:53.000Z
Crazy for You,Madonna,Oldies Love Songs,Pop,5,4,1985,224,2026-08-15T11:56:33.000Z,2025-11-26T17:08:53.000Z
Live to Tell,Madonna,True Blue,Pop,4,0,1986,352,2026-05-20T00:16:44.000Z,2024-05-30T19:08:34.000Z
4 Minutes (feat. Justin Timberlake & Timbaland),Madonna,best of 00s,Pop,2,0,2008,190,2026-01-15T16:50:17.000Z,2025-11-26T17:08:51.000Z
Sorry,"BLOND:ISH, Madonna, Eran Hersh & Darmon",Sorry - Single,Dance,1,1,2023,162,2026-01-15T16:52:58.000Z,2025-11-26T17:08:50.000Z
Take a Bow,Madonna,Celebration (Deluxe Version),Pop,1,1,1994,321,2026-01-15T16:58:19.000Z,2025-11-26T17:08:49.000Z
Who's That Girl,Madonna,Who's That Girl (Soundtrack from the Motion Picture),Pop,3,0,1987,239,2026-04-29T21:45:34.000Z,2024-05-30T19:08:39.000Z
Deeper and Deeper,Madonna,Erotica,Pop,1,0,1992,333,2026-01-15T17:07:52.000Z,2024-05-30T19:08:59.000Z
Secret,Madonna,Bedtime Stories,Pop,1,0,1994,305,2026-01-15T17:12:57.000Z,2024-05-30T19:09:00.000Z
Cherish,Madonna,Like a Prayer,Pop,2,0,1989,303,2026-03-14T10:17:18.000Z,2024-05-30T19:09:01.000Z
Dress You Up,Madonna,Like a Virgin,Pop,2,0,1984,242,2026-03-14T10:35:14.000Z,2024-05-30T19:09:03.000Z
The Power of Good-Bye,Madonna,Ray of Light,Pop,2,1,1998,251,2026-04-20T20:04:34.000Z,2024-05-30T19:09:05.000Z
Jump,Madonna,Confessions on a Dance Floor,Pop,0,1,2005,239,,2024-05-30T19:09:06.000Z
Into the Groove,Madonna,Angel - EP,Pop,4,1,1985,284,2024-11-09T12:49:07.000Z,2024-05-30T19:08:11.000Z
Human Nature,Madonna,Bedtime Stories,Pop,4,2,1994,294,2025-12-17T11:02:03.000Z,2024-05-30T19:09:09.000Z
Justify My Love,Madonna,Celebration (Deluxe Version),Pop,0,0,1990,294,,2025-11-26T17:08:46.000Z
Nothing Really Matters,Madonna,Ray of Light,Pop,0,0,1998,267,,2024-05-30T19:09:11.000Z
Rain,Madonna,Erotica,Pop,0,0,1992,325,,2024-05-30T19:09:12.000Z
Die Another Day,Madonna,Celebration (Deluxe Version),Pop,0,0,2002,279,,2025-11-26T17:08:44.000Z
Girl Gone Wild,Madonna,Mdna,Pop,0,1,2012,223,,2024-05-30T19:09:15.000Z
Living For Love,Madonna,Rebel Heart (Deluxe),Pop,1,0,2014,219,2025-12-17T10:53:06.000Z,2024-05-30T19:09:16.000Z
Give It 2 Me,Madonna,Hard Candy,Pop,0,0,2008,288,,2024-05-30T19:09:17.000Z
You'll See,Madonna,Something to Remember,Pop,2,0,1995,278,2026-03-27T13:57:42.000Z,2024-05-30T19:09:18.000Z
Get Together,Madonna,Confessions on a Dance Floor,Pop,0,0,2005,315,,2024-05-30T19:09:19.000Z
Hollywood,Madonna,American Life,Pop,1,1,2003,263,2026-01-08T15:58:07.000Z,2024-05-30T19:09:21.000Z
Ghosttown,Madonna,Rebel Heart (Deluxe),Pop,1,0,2015,250,2026-01-08T16:02:17.000Z,2024-05-30T19:09:22.000Z
Don't Cry For Me Argentina (Miami Remix) [3:28 edit] [Karaoke],Musical Creations Karaoke,Don't Cry For Me Argentina (Miami Remix) [Originally Performed by Madonna] [Karaoke with Competition Edits],Karaoke,0,0,2010,210,,2025-11-26T17:08:41.000Z
This Used to Be My Playground,Judson Mancebo,Babies Love Madonna,Brazilian,0,1,2007,362,,2025-11-26T17:08:40.000Z
Erotica,Madonna,Rock The Rainbow - Pride,Pop,1,0,1992,319,2025-12-14T19:17:58.000Z,2025-11-26T17:08:39.000Z
Bitch I'm Madonna (feat. Nicki Minaj) [Sander Kleinberg Video Edit],Madonna,Finally Enough Love: 50 Number Ones (2022 Remasters),Pop,0,2,2022,201,,2025-11-26T17:08:39.000Z
Oh Father,Madonna,Like a Prayer,Pop,1,0,1989,299,2026-03-14T10:03:32.000Z,2024-05-30T19:09:26.000Z
Harleys in Hawaii,Katy Perry,Harleys in Hawaii - Single,Pop,62,8,2020,186,2026-09-03T16:43:36.000Z,2024-05-30T19:09:31.000Z
Unstoppable,Sia,This Is Acting (Deluxe Version),Pop,8,5,2016,218,2026-08-07T13:45:42.000Z,2025-11-26T17:08:37.000Z
Cheap Thrills (feat. Sean Paul),Sia,Cheap Thrills (feat. Sean Paul) - Single,Pop,14,2,2016,225,2026-08-20T16:37:15.000Z,2025-11-26T17:08:36.000Z
Michael Jackson x Mark Ronson: Diamonds are Invincible,Michael Jackson & Mark Ronson,Michael Jackson x Mark Ronson: Diamonds are Invincible - Single,Pop,18,7,2018,300,2026-08-20T16:42:15.000Z,2024-05-30T19:09:33.000Z
Señorita,Shawn Mendes & Camila Cabello,Sommerhits 2025,Pop,4,2,2019,191,2026-08-07T13:57:39.000Z,2025-11-26T17:08:35.000Z
Waka Waka (This Time for Africa) [The Official 2010 FIFA World Cup (TM) Song] [feat. Freshlyground] [Single],Shakira,Listen Up! The Official 2010 FIFA World Cup Album,Pop Latino,28,3,2010,203,2026-08-27T09:08:48.000Z,2024-05-30T19:09:36.000Z
Buttons,The Pussycat Dolls,Too Sexy,Pop,6,2,2005,226,2026-05-28T09:49:20.000Z,2025-11-26T17:08:33.000Z
In the End,LINKIN PARK,Hybrid Theory (20th Anniversary Edition),Hard Rock,7,3,2000,217,2026-07-11T11:09:41.000Z,2025-11-26T08:42:48.000Z
Numb / Encore,Linkin Park & Jay-Z,MTV Ultimate Mash-Ups Presents: Collision Course - Numb / Encore - EP,Hard Rock,19,7,2004,206,2026-08-13T17:09:51.000Z,2025-11-26T17:08:32.000Z
What I've Done,LINKIN PARK,Transformers (Soundtrack from the Motion Picture),Soundtrack,12,3,2007,206,2026-08-07T13:38:47.000Z,2025-11-26T17:08:31.000Z
Friendly Fire,LINKIN PARK,Papercuts (Singles Collection 2000-2023),Alternative,18,5,2024,177,2026-08-01T09:42:19.000Z,2024-09-28T06:20:05.000Z
Points of Authority / 99 Problems / One Step Closer,JAY-Z & LINKIN PARK,Collision Course - EP,Hard Rock,11,3,2004,296,2026-08-01T10:33:03.000Z,2025-11-26T17:08:30.000Z
Somewhere I Belong,LINKIN PARK,Meteora (20th Anniversary Edition),Alternative,9,3,2003,214,2026-08-08T17:03:18.000Z,2025-11-26T17:08:29.000Z
Lost One (feat. Chrisette Michele),JAY-Z,Kingdom Come,Hip-Hop/Rap,1,5,2006,224,2026-08-08T18:03:34.000Z,2025-11-26T17:08:28.000Z
Crawling (One More Light Live),LINKIN PARK,One More Light Live,Alternative,7,2,2017,210,2026-08-01T10:46:34.000Z,2025-11-26T17:08:28.000Z
Jigga What / Faint,JAY-Z & LINKIN PARK,Collision Course - EP,Hard Rock,19,2,2004,211,2026-08-13T17:17:30.000Z,2025-11-26T17:08:22.000Z
Bleed It Out,LINKIN PARK,Bleed It Out - Single,Hard Rock,11,4,2007,165,2026-08-01T10:52:50.000Z,2025-11-26T17:08:23.000Z
Papercut,LINKIN PARK,Hybrid Theory (20th Anniversary Edition),Hard Rock,10,0,2000,185,2026-08-01T10:55:55.000Z,2025-11-26T08:42:48.000Z
Breaking the Habit,LINKIN PARK,Meteora,Hard Rock,11,1,2003,196,2026-08-01T10:59:11.000Z,2025-11-26T17:08:25.000Z
New Divide,LINKIN PARK,Transformers: Revenge of the Fallen (The Album),Soundtrack,7,1,2009,269,2026-08-01T11:03:31.000Z,2025-11-26T17:08:25.000Z
Fighting Myself,LINKIN PARK,Rock Boost,Alternative,6,1,2023,201,2026-06-30T20:13:56.000Z,2025-11-26T17:08:26.000Z
BURN IT DOWN,LINKIN PARK,LIVING THINGS,Hard Rock,15,10,2012,230,2026-08-23T12:59:20.000Z,2024-05-30T19:09:56.000Z
A Place for My Head,LINKIN PARK,Hybrid Theory (20th Anniversary Edition),Hard Rock,1,1,2000,185,2026-06-02T10:38:36.000Z,2025-11-26T08:42:48.000Z
Lying from You,LINKIN PARK,Meteora (Deluxe Edition),Hard Rock,15,0,2003,175,2026-08-23T13:14:04.000Z,2024-05-30T19:09:58.000Z
Numb / Encore,JAY-Z & LINKIN PARK,Collision Course - EP,Hard Rock,31,11,2004,205,2026-07-15T16:25:22.000Z,2024-09-28T06:20:10.000Z
Given Up,LINKIN PARK,Minutes to Midnight,Hard Rock,14,3,2007,189,2026-06-27T09:46:06.000Z,2024-11-21T13:10:50.000Z
CASTLE OF GLASS,LINKIN PARK,Papercuts (Singles Collection 2000-2023),Alternative,4,2,2012,205,2026-06-27T09:49:31.000Z,2025-11-26T17:09:32.000Z
From the Inside,LINKIN PARK,Meteora (Deluxe Edition),Hard Rock,62,2,2003,176,2026-08-27T09:14:02.000Z,2024-05-30T19:10:05.000Z
Points of Authority,LINKIN PARK,Hybrid Theory (20th Anniversary Edition),Hard Rock,4,1,2000,200,2026-08-01T11:09:47.000Z,2025-11-26T17:09:33.000Z
Good Goodbye (feat. Pusha T & Stormzy),LINKIN PARK,One More Light,Alternative,2,0,2017,211,2026-08-15T12:00:05.000Z,2025-11-26T17:09:33.000Z
Shadow of the Day,LINKIN PARK,Minutes to Midnight,Hard Rock,1,0,2007,290,2026-06-02T11:06:11.000Z,2025-11-26T17:09:34.000Z
Don't Stay,LINKIN PARK,Meteora (Deluxe Edition),Hard Rock,17,1,2003,188,2026-06-24T21:41:21.000Z,2024-05-30T19:10:11.000Z
Leave Out All the Rest,LINKIN PARK,Minutes to Midnight (Deluxe Edition),Hard Rock,16,8,2007,209,2026-07-05T17:03:58.000Z,2024-05-30T19:10:11.000Z
Runaway,LINKIN PARK,Hybrid Theory (20th Anniversary Edition),Hard Rock,1,1,2000,184,2026-06-02T11:15:53.000Z,2025-11-26T08:42:48.000Z
Figure.09,LINKIN PARK,Meteora (Deluxe Edition),Hard Rock,11,4,2003,198,2026-06-24T21:47:59.000Z,2024-05-30T19:10:13.000Z
Heavy (feat. Kiiara),LINKIN PARK,The Hits 10s,Pop,1,0,2017,170,2026-06-02T11:22:01.000Z,2025-11-26T17:09:47.000Z
Pushing Me Away (Live),LINKIN PARK,Road to Revolution: Live at Milton Keynes,Hard Rock,1,1,2008,199,2026-06-02T11:25:19.000Z,2025-11-26T17:09:48.000Z
The Catalyst (Live In Madrid),LINKIN PARK,A Thousand Suns: Puerta de Alcalá (Live) - EP,Hard Rock,0,0,2010,357,,2025-11-26T17:09:49.000Z
LOST IN THE ECHO,LINKIN PARK,LIVING THINGS,Hard Rock,14,5,2012,205,2026-06-24T22:18:28.000Z,2024-05-30T19:10:17.000Z
F*ckwithmeyouknowigotit (feat. Rick Ross),JAY-Z,Magna Carta... Holy Grail,Hip-Hop/Rap,0,0,2013,243,,2025-11-26T17:09:51.000Z
Espresso,Sabrina Carpenter,Short n' Sweet,Pop,1,1,2024,175,2026-06-11T21:30:51.000Z,2025-11-26T17:09:51.000Z
Dance The Night (From Barbie The Album),Dua Lipa,Dance The Night (From Barbie The Album) - Single,Pop,1,0,2023,177,2025-11-29T20:39:59.000Z,2025-11-26T17:09:52.000Z
One Kiss,Calvin Harris & Dua Lipa,New Year's Eve - NYE 2018/2019,Dance,0,2,2018,209,,2025-11-26T17:09:53.000Z
Notion,The Rare Occasions,coquette feminine energy,Rock,2,0,2016,195,2026-08-05T19:00:16.000Z,2025-11-26T17:09:54.000Z
Love Never Felt So Good,Michael Jackson & Justin Timberlake,XSCAPE (Deluxe),Pop,1,0,2014,246,2025-05-05T09:26:12.000Z,2024-06-02T20:34:35.000Z
Play Date,Melanie Martinez,coquette feminine energy,Alternative,5,2,2015,180,2026-05-19T14:17:36.000Z,2025-11-26T17:09:56.000Z
Stereo Love (Originally Performed By Edward Maya & Vika Jigulina) [Karaoke],Singer's Edge Karaoke,Stereo Love (Originally Performed By Edward Maya & Vika Jigulina) [Karaoke Version] - Single,Karaoke,0,3,2014,248,,2025-11-26T17:09:56.000Z
Top Gun Anthem,"Lorne Balfe, Harold Faltermeyer, Lady Gaga & Hans Zimmer",Top Gun: Maverick (Music from the Motion Picture),Soundtrack,54,11,2022,149,2026-09-02T20:10:00.000Z,2024-06-02T20:48:11.000Z
Can You Hear the Music,Ludwig Göransson,Oppenheimer (Original Motion Picture Soundtrack),Soundtrack,14,8,2023,110,2026-08-05T18:53:57.000Z,2024-06-02T20:50:01.000Z
Destroyer of Worlds,Ludwig Göransson,Oppenheimer (Original Motion Picture Soundtrack),Soundtrack,21,6,2023,175,2026-08-19T21:34:54.000Z,2024-06-02T20:52:56.000Z
Clandestina (feat. Emma Peters) [JVSTIN Remix],FILV & Edmofo,Clandestina (feat. Emma Peters) [JVSTIN Remix] - Single,Pop,11,7,2023,145,2026-02-10T13:25:03.000Z,2024-06-03T19:48:30.000Z
In the Hills,K Suave,Thot Slayer,Hip-Hop/Rap,1,1,2018,180,2026-02-10T13:28:03.000Z,2025-11-26T17:09:58.000Z
Blinding Lights,The Weeknd,After Hours,R&B/Soul,10,1,2019,200,2026-08-16T20:26:52.000Z,2024-06-04T08:04:10.000Z
Love Me Again,John Newman,Tribute,Pop,13,3,2013,240,2026-08-29T20:57:48.000Z,2025-11-26T17:10:00.000Z
Cradles,Sub Urban,Cradles - Single,Alternative,16,4,2019,210,2026-08-13T17:27:34.000Z,2024-06-14T07:44:05.000Z
Freed From Desire,Gala,Come Into My Life (The Album),Dance,6,0,1996,213,2026-08-05T19:32:59.000Z,2025-11-26T17:10:01.000Z
Dobro Vecer,Farazi,Hayalet Islığı (Instrumentals),Hip-Hop/Rap,42,13,2013,226,2026-08-20T16:14:27.000Z,2024-06-23T08:26:23.000Z
In the End (Mellen Gi Remix),"Tommee Profitt, Mellen Gi & Fleurie",In the End - Single,Alternative,10,5,2019,218,2026-08-13T17:37:29.000Z,2024-07-26T12:15:11.000Z
Light no Theme,Hideki Taniuchi,DEATH NOTE Original Soundtrack,Soundtrack,24,4,2006,204,2026-08-19T20:46:07.000Z,2024-07-09T10:38:09.000Z
L no Theme,Hideki Taniuchi,DEATH NOTE Original Soundtrack,Soundtrack,27,2,2006,184,2026-08-19T20:49:11.000Z,2024-07-26T12:15:08.000Z
Love Is a Long Road,Tom Petty,Full Moon Fever,Rock,11,4,1989,247,2026-08-29T21:10:58.000Z,2024-07-10T17:17:17.000Z
Wait a Minute!,WILLOW,Ardipithecus,Alternative,25,6,2015,197,2026-08-08T15:03:14.000Z,2024-07-27T12:25:18.000Z
Mask Off (feat. Kendrick Lamar) [Remix],Future,FUTURE,Hip-Hop/Rap,1,1,2017,258,2026-08-14T11:27:30.000Z,2025-11-26T17:10:02.000Z
Don't Start Now,Dua Lipa,Don't Start Now - Single,Pop,1,1,2019,183,2026-01-10T10:32:12.000Z,2025-11-26T17:10:03.000Z
To Brazil!,Vengaboys,The Party Album!,Pop,0,1,1998,187,,2025-11-26T17:10:03.000Z
Heavy Is the Crown,LINKIN PARK,Top Gaming - Press Start,Alternative,0,0,2024,167,,2025-11-26T17:10:04.000Z
telepatía,Kali Uchis,Alternativo para las buenas vibras,Latin,2,3,2020,160,2026-07-23T21:29:59.000Z,2025-11-26T17:10:05.000Z
You Know How We Do It,Ice Cube,Lethal Injection,Hip-Hop/Rap,1,0,1993,233,2026-07-23T21:33:52.000Z,2025-11-26T17:10:06.000Z
She Knows (feat. Amber Coffman & Cults),J. Cole,Born Sinner (Deluxe Version),Hip-Hop/Rap,1,0,2013,297,2026-07-23T21:38:48.000Z,2024-10-18T08:14:37.000Z
Fairytale,Alexander Rybak,Fairytale - Single,Pop,25,3,2009,183,2026-08-13T18:35:58.000Z,2024-12-05T16:20:43.000Z
As It Was,Harry Styles,Harry's House,Pop,36,8,2022,167,2026-08-31T12:45:28.000Z,2024-12-16T11:56:38.000Z
Jung - Bae Ya!,Jung Jae Il,Squid Game 2 (Soundtrack from the Netflix Series),Soundtrack,20,4,2024,292,2026-08-08T15:14:12.000Z,2025-01-05T11:27:19.000Z
Sing for the Moment,Eminem,The Eminem Show,Hip-Hop/Rap,36,11,2002,340,2026-08-27T18:02:54.000Z,2025-03-03T19:15:11.000Z
Superman (feat. Dina Rae),Eminem,The Eminem Show,Hip-Hop/Rap,5,6,2002,350,2026-08-27T09:25:03.000Z,2025-03-25T11:28:08.000Z
Starboy (feat. Daft Punk),The Weeknd,Starboy (Deluxe),R&B/Soul,2,0,2016,230,2026-02-07T10:50:03.000Z,2025-11-26T17:10:08.000Z
Music For a Sushi Restaurant,Harry Styles,Harry's House,Pop,13,0,2022,194,2026-07-16T13:43:50.000Z,2025-04-24T15:32:40.000Z
Careless Whisper (Remastered),George Michael,Careless Whisper - EP,Pop,8,0,1984,303,2026-08-27T09:30:05.000Z,2025-04-30T16:03:34.000Z
Why Why Why,Shawn Mendes,Shawn,Pop,11,3,2024,169,2026-07-16T13:51:43.000Z,2025-05-02T14:28:39.000Z
There's Nothing Holdin' Me Back,Shawn Mendes,Illuminate (Deluxe),Pop,10,1,2016,199,2026-08-27T09:33:39.000Z,2025-05-02T16:34:49.000Z
Stitches,Shawn Mendes,Handwritten,Pop,0,1,2015,207,,2025-11-26T17:10:09.000Z
Treat You Better,Shawn Mendes,At Home - Pop Edition,Pop,3,1,2016,188,2026-07-16T13:58:25.000Z,2025-11-26T17:10:10.000Z
Lost in Japan,Shawn Mendes,Shawn Mendes,Pop,11,2,2018,201,2026-07-04T10:40:36.000Z,2025-05-02T16:34:52.000Z
Mercy,Shawn Mendes,Illuminate (Deluxe),Pop,3,1,2016,209,2026-03-15T12:05:30.000Z,2025-05-02T16:34:53.000Z
Wonder,Shawn Mendes,Wonder,Pop,11,4,2020,173,2026-08-07T16:18:53.000Z,2025-05-02T16:34:54.000Z
In My Blood,Shawn Mendes,Shawn Mendes (Deluxe),Pop,4,2,2018,211,2026-07-16T14:07:11.000Z,2025-11-26T17:10:12.000Z
If I Can't Have You,Shawn Mendes,Morning Steps,Pop,4,0,2019,191,2026-07-16T14:10:22.000Z,2025-11-26T17:10:13.000Z
When You're Gone,Shawn Mendes,Comforting Songs,Pop,4,0,2022,172,2026-07-16T14:13:14.000Z,2025-11-26T17:10:13.000Z
Monster,Shawn Mendes & Justin Bieber,Monster - Single,Pop,6,0,2020,179,2026-07-16T14:16:15.000Z,2025-05-02T16:35:01.000Z
Youth (feat. Khalid),Shawn Mendes,Shawn Mendes,Pop,3,0,2018,191,2026-03-15T11:39:49.000Z,2025-05-02T16:35:03.000Z
I Know What You Did Last Summer,Shawn Mendes & Camila Cabello,Handwritten (Revisited),Pop,1,0,2015,224,2026-02-24T10:58:01.000Z,2025-11-26T17:10:15.000Z
Life Of The Party,Shawn Mendes,Comforting Songs,Pop,1,0,2014,215,2026-02-24T11:01:37.000Z,2025-11-26T17:10:16.000Z
Nervous,Shawn Mendes,Canciones para enamorarse,Pop,0,0,2018,164,,2025-11-26T17:10:16.000Z
Summer Of Love,Shawn Mendes & Tainy,Summer Grooves,Pop,1,0,2021,184,2026-02-24T11:06:23.000Z,2025-11-26T17:10:17.000Z
Like to Be You (feat. Julia Michaels),Shawn Mendes,Shawn Mendes,Pop,4,2,2018,159,2026-02-24T11:09:03.000Z,2025-05-02T16:35:08.000Z
A Little Too Much,Shawn Mendes,Música para cuando te sientes solo,Pop,0,0,2015,187,,2025-11-26T17:10:19.000Z
It'll Be Okay,Shawn Mendes,It'll Be Okay - Single,Pop,2,0,2021,223,2025-05-29T05:10:12.000Z,2025-05-02T16:35:10.000Z
From Zero (Intro),LINKIN PARK,From Zero,Alternative,1,0,2024,22,2026-05-19T18:37:17.000Z,2025-11-26T17:10:20.000Z
The Emptiness Machine,LINKIN PARK,Summer Top Hits 2025,Alternative,0,0,2024,190,,2025-11-26T17:10:21.000Z
Cut the Bridge,LINKIN PARK,From Zero,Alternative,1,0,2024,229,2026-05-19T18:41:06.000Z,2025-11-26T17:10:22.000Z
Over Each Other,LINKIN PARK,From Zero,Alternative,19,6,2024,170,2026-08-23T12:38:16.000Z,2024-12-14T05:57:16.000Z
Casualty,LINKIN PARK,From Zero,Alternative,15,0,2024,141,2026-08-23T12:52:10.000Z,2025-11-26T17:10:24.000Z
Overflow,LINKIN PARK,From Zero,Alternative,0,0,2024,211,,2025-11-26T08:42:48.000Z
Two Faced,LINKIN PARK,From Zero,Alternative,23,0,2024,184,2026-08-19T21:56:47.000Z,2025-11-26T08:42:48.000Z
Stained,LINKIN PARK,From Zero,Alternative,2,1,2024,185,2026-08-15T11:52:48.000Z,2025-11-26T08:42:48.000Z
IGYEIH,LINKIN PARK,From Zero,Alternative,2,0,2024,209,2026-02-07T20:08:10.000Z,2025-11-26T08:42:48.000Z
Good Things Go,LINKIN PARK,From Zero,Alternative,1,0,2024,210,2026-02-05T16:34:57.000Z,2025-11-26T17:10:27.000Z
Up From the Bottom,LINKIN PARK,From Zero (Deluxe Edition),Alternative,21,3,2025,183,2026-08-02T18:45:01.000Z,2025-03-29T16:20:51.000Z
Unshatter,LINKIN PARK,From Zero (Deluxe Edition),Alternative,22,0,2025,196,2026-07-17T21:13:06.000Z,2025-05-02T16:35:23.000Z
Mockingbird,Eminem,Encore (Deluxe Version),Hip-Hop/Rap,18,0,2004,251,2026-08-20T08:09:39.000Z,2025-11-26T17:10:29.000Z
Numb / Encore,JAY-Z & LINKIN PARK,Collision Course - EP,Hard Rock,31,11,2004,205,2026-07-15T16:25:22.000Z,2024-09-28T06:20:10.000Z
Friendly Fire,LINKIN PARK,Papercuts (Singles Collection 2000-2023),Alternative,18,5,2024,177,2026-08-01T09:42:19.000Z,2024-09-28T06:20:05.000Z
Wavin' Flag (Coca-Cola Celebration Mix),K'naan,Troubadour (Champion Edition),Hip-Hop/Rap,45,7,2010,213,2026-09-03T14:52:52.000Z,2024-07-02T05:00:27.000Z
Heart of Gold,Shawn Mendes,Shawn,Pop,9,4,2024,172,2026-05-19T16:41:45.000Z,2025-05-03T07:21:27.000Z
Not Like Us,Kendrick Lamar,Not Like Us - Single,Hip-Hop/Rap,6,1,2024,274,2026-08-29T21:18:49.000Z,2025-11-26T17:10:31.000Z
Money Trees (feat. Jay Rock),Kendrick Lamar,"good kid, m.A.A.d city (Deluxe)",Hip-Hop/Rap,7,2,2012,387,2026-07-11T11:16:42.000Z,2025-05-05T09:15:19.000Z
Kryptonite,3 Doors Down,Summer Of '99,Rock,9,1,2000,235,2026-05-19T16:50:49.000Z,2025-11-26T17:10:32.000Z
Hot Together,The Pointer Sisters,Hot Together (Expanded Edition),Pop,6,2,1986,253,2026-03-16T02:01:36.000Z,2025-05-07T08:31:46.000Z
Late Night Talking,Harry Styles,Harry's House,Pop,0,0,2022,178,,2025-05-07T15:08:18.000Z
Atlantis Is Calling (S.O.S. for Love),Modern Talking,Original 80'S,Pop,0,0,1987,229,,2025-11-26T17:10:34.000Z
That’s The Dream,Shawn Mendes,Shawn,Pop,0,1,2024,134,,2025-05-09T20:02:43.000Z
Main Titles (You've Been Called Back to Top Gun),"Lorne Balfe, Harold Faltermeyer, Lady Gaga & Hans Zimmer",Top Gun: Maverick (Music from the Motion Picture),Soundtrack,41,2,2022,151,2026-08-25T19:16:23.000Z,2025-05-11T10:59:02.000Z
Rasputin,Majestic & Boney M.,Rasputin - Single,Dance,3,4,2021,186,2026-07-04T11:10:01.000Z,2025-11-26T17:10:35.000Z
How Does It Feel,Tom Grennan,What Ifs & Maybes (Apple Music Edition),Alternative,8,1,2023,144,2026-07-16T14:29:04.000Z,2024-09-03T13:22:21.000Z
Borderline,Tame Impala,Borderline (Blood Orange Remix) - Single,Alternative,6,1,2019,238,2026-05-19T23:38:25.000Z,2025-11-26T17:10:36.000Z
505,Arctic Monkeys,Favourite Worst Nightmare,Alternative,58,8,2007,254,2026-09-03T17:00:48.000Z,2025-11-26T08:42:12.000Z
Bella Ciao (Música Original de la Serie La Casa de Papel / Money Heist),Manu Pilas,Bella Ciao (Música Original de la Serie La Casa de Papel / Money Heist) - Single,TV Soundtrack,10,7,2018,140,2026-08-14T14:01:06.000Z,2025-11-26T17:10:38.000Z
Lose My Mind (feat. Doja Cat) [From F1® The Movie],Don Toliver,Lose My Mind (feat. Doja Cat) [From F1® The Movie] - Single,Pop,13,3,2025,209,2026-08-29T20:36:39.000Z,2025-11-26T17:10:39.000Z
Just Keep Watching (From F1® The Movie),Tate McRae,Just Keep Watching (From F1® The Movie) - Single,Pop,8,3,2025,143,2026-08-08T15:26:09.000Z,2025-11-26T17:10:39.000Z
Levitating,Dua Lipa,Future Nostalgia,Pop,35,11,2020,204,2026-08-25T19:00:33.000Z,2024-05-30T19:09:30.000Z
The Winner Takes It All,ABBA,Super Trouper (Bonus Track Version),Pop,6,3,1980,295,2026-08-29T20:47:42.000Z,2025-11-26T17:10:41.000Z
"The Man, the Legend / Touchdown","Lorne Balfe, Harold Faltermeyer, Lady Gaga & Hans Zimmer",Top Gun: Maverick (Music from the Motion Picture),Soundtrack,67,5,2022,235,2026-08-26T19:39:09.000Z,2025-11-26T17:10:42.000Z
Counting Stars,OneRepublic,Native,Pop,18,3,2013,257,2026-08-08T21:40:42.000Z,2024-05-30T19:09:28.000Z
Like a Prayer,Madonna,"Deadpool & Wolverine: Madonna's ""Like a Prayer"" - EP",Pop,6,2,1989,341,2026-07-04T11:27:03.000Z,2025-11-26T17:10:44.000Z
No Room For A Saint (From F1® The Movie),Dom Dolla & Nathan Nicholson,No Room For A Saint (From F1® The Movie) - Single,Dance,7,3,2025,236,2026-06-12T08:50:30.000Z,2025-11-26T17:10:44.000Z
Yumeno Hito,Tetsuya Takeda Ichiza,Doraemon Eiga Shudaikashuu,Pop,9,1,1995,209,2026-08-11T21:54:19.000Z,2025-11-26T08:42:12.000Z
Shounenki,Tetsuya Takeda,Doraemon Eiga Shudaikashuu,Pop,5,9,1991,191,2026-08-08T21:51:52.000Z,2025-11-26T08:42:12.000Z
Every Breath You Take (Remastered 2003),The Police,Synchronicity (Remastered 2003),Rock,12,2,1983,254,2026-08-18T08:16:02.000Z,2025-11-26T17:10:47.000Z
"Another Brick In the Wall, Pt. 2",Pink Floyd,The Wall,Rock,31,2,1979,239,2026-08-22T14:56:28.000Z,2025-11-26T17:10:48.000Z
They Don't Care About Us,Michael Jackson,"HIStory - PAST, PRESENT AND FUTURE - BOOK I",Pop,5,4,1995,284,2026-08-22T15:01:12.000Z,2025-11-26T17:10:52.000Z
I Want To Break Free (Single Remix),Queen,The Works (Deluxe Edition),Rock,3,3,1984,259,2026-06-13T20:19:03.000Z,2025-11-26T17:10:53.000Z
Stereo Hearts (feat. Adam Levine),Gym Class Heroes,The Papercut Chronicles II,Pop,4,0,2011,211,2026-08-25T19:25:43.000Z,2025-11-26T17:10:54.000Z
Back In Black,AC/DC,Back In Black,Hard Rock,1,4,1980,256,2026-06-12T09:22:16.000Z,2025-11-26T17:10:57.000Z
Highway to Hell,AC/DC,Highway to Hell,Hard Rock,1,0,1979,208,2026-08-15T12:03:33.000Z,2025-11-26T17:10:57.000Z
Seven Nation Army,The White Stripes,Elephant,Rock,0,1,2003,232,,2025-11-26T17:10:58.000Z
Everybody (Backstreet's Back) [Radio Edit],Backstreet Boys,Backstreet's Back,Pop,0,2,1997,225,2026-08-07T16:39:13.000Z,2025-11-26T17:10:59.000Z
Let's Beyblade (Let It Rip),Bitterwood,Sexy AF a//B - Single,Metal,1,1,2021,91,2025-11-28T22:03:02.000Z,2025-11-26T17:11:01.000Z
Love Me Not,Ravyn Lenae,Bird's Eye,R&B/Soul,1,0,2024,213,2025-11-28T22:08:39.000Z,2025-11-26T17:11:01.000Z
A Kind of Magic,Queen,A Kind of Magic (Deluxe Edition),Rock,10,2,1986,264,2026-07-03T12:30:47.000Z,2025-11-26T17:11:02.000Z
Don't Stop Me Now,Queen,Jazz (Deluxe Edition),Rock,11,0,1978,209,2026-07-27T07:06:18.000Z,2025-11-26T17:11:02.000Z
Under Pressure (feat. David Bowie),Queen,Hot Space (Deluxe Edition),Rock,9,1,1981,248,2026-08-11T12:24:08.000Z,2025-11-26T17:11:04.000Z
Another One Bites the Dust,Queen,The Game (Deluxe Edition with Bonus Videos) [2011 Remaster],Rock,12,3,1980,215,2026-07-03T11:52:58.000Z,2025-11-26T17:11:04.000Z
Bohemian Rhapsody,Queen,A Night at the Opera (Deluxe Edition),Rock,15,0,1975,356,2026-08-18T07:49:57.000Z,2025-11-26T17:11:06.000Z
We Will Rock You (Remastered 2011),Queen,News Of The World (Deluxe Edition / Remastered 2011),Rock,32,3,1977,122,2026-08-10T18:34:00.000Z,2025-11-26T17:11:06.000Z
Radio Ga Ga,Queen,The Works (Deluxe Edition),Rock,9,0,1984,349,2026-07-03T11:58:47.000Z,2025-11-26T17:11:08.000Z
Crazy Little Thing Called Love,Queen,The Game (Deluxe Edition with Bonus Videos) [2011 Remaster],Rock,13,7,1979,165,2026-07-27T07:12:36.000Z,2025-11-26T17:11:09.000Z
Somebody To Love,Queen,A Day at the Races (Deluxe Edition),Rock,11,1,1976,297,2026-07-03T12:07:52.000Z,2025-12-10T11:20:05.000Z
We Are The Champions (Remastered 2011),Queen,News Of The World (Deluxe Edition / Remastered 2011),Rock,29,2,1977,179,2026-08-11T21:48:31.000Z,2025-12-10T11:20:05.000Z
Killer Queen,Queen,Sheer Heart Attack (Deluxe Edition with Bonus Videos) [2011 Remaster],Rock,32,6,1974,180,2026-08-02T18:18:14.000Z,2025-12-10T11:20:04.000Z
Love of My Life,Queen,A Night at the Opera (Deluxe Edition),Rock,11,3,1975,219,2026-07-26T18:18:24.000Z,2025-12-10T11:20:03.000Z
The Show Must Go On,Queen,Innuendo (Deluxe Edition),Rock,11,2,1991,272,2026-08-29T21:29:58.000Z,2025-12-10T11:20:02.000Z
Cool Cat,Queen,Hot Space,Rock,4,0,1982,209,2026-08-29T21:33:27.000Z,2025-12-10T11:20:01.000Z
Fat Bottomed Girls,Queen,Jazz (Deluxe Edition),Rock,12,0,1978,256,2026-07-03T12:22:59.000Z,2025-12-10T11:20:00.000Z
You're My Best Friend,Queen,A Night at the Opera (Deluxe Edition),Rock,12,2,1975,174,2026-08-31T15:26:29.000Z,2025-12-10T11:19:59.000Z
Good Old-Fashioned Lover Boy,Queen,A Day at the Races (Deluxe Edition),Rock,7,0,1976,173,2026-07-03T12:55:47.000Z,2025-12-10T11:19:58.000Z
I Want It All (Edit),Queen,The Miracle (Collector's Edition),Rock,1,0,1989,281,2025-11-28T23:19:08.000Z,2025-12-10T11:19:57.000Z
Don't Stop Me Now (...Revisited),Queen,Bohemian Rhapsody (The Original Soundtrack),Rock,7,1,2018,209,2026-08-30T17:15:57.000Z,2025-12-10T11:19:56.000Z
Too Much Love Will Kill You,Queen,Made In Heaven (Deluxe Edition),Rock,3,3,1995,259,2026-05-19T23:02:24.000Z,2025-12-10T11:19:55.000Z
Hammer To Fall,Queen,Greatest Hits II,Rock,1,0,1984,269,,2025-12-10T11:19:54.000Z
Friends Will Be Friends,Queen,A Kind of Magic (Deluxe Edition),Rock,1,0,1986,253,,2025-12-10T11:19:53.000Z
Radio Ga Ga (Live Aid),Queen,Bohemian Rhapsody (The Original Soundtrack),Rock,1,1,2018,246,,2025-12-10T11:19:53.000Z
These Are the Days of Our Lives,Queen,Innuendo (Deluxe Edition),Rock,5,3,1991,255,2026-07-03T12:52:54.000Z,2025-12-10T11:19:51.000Z
Who Wants To Live Forever,Queen,Greatest Hits II,Rock,1,0,1986,314,,2025-12-10T11:19:51.000Z
Somebody to Love,George Michael & Queen,Ladies & Gentlemen,Pop,0,1,1993,319,,2025-12-10T11:19:50.000Z
Save Me,Queen,The Game (Deluxe Edition with Bonus Videos) [2011 Remaster],Rock,0,1,1980,230,,2025-12-10T11:19:49.000Z
Bicycle Race,Queen,Jazz (Deluxe Edition),Rock,2,0,1978,181,2026-07-03T13:07:39.000Z,2025-12-10T11:19:48.000Z
Breakthru (Remastered 2011),Queen,The Miracle (Collector's Edition),Rock,0,0,1989,248,,2025-11-26T17:13:04.000Z
It's a Hard Life,Queen,The Works (Deluxe Edition),Rock,0,0,1984,249,,2025-11-26T17:13:03.000Z
Play the Game,Queen,The Game (Deluxe Edition with Bonus Videos) [2011 Remaster],Rock,5,1,1980,214,2026-07-03T13:04:36.000Z,2025-11-26T17:13:02.000Z
Innuendo,Queen,Innuendo (Deluxe Edition),Rock,0,1,1991,392,,2025-11-26T17:13:01.000Z
We Are the Champions (Live Aid),Queen,Bohemian Rhapsody (The Original Soundtrack),Rock,1,1,2018,237,2026-09-01T14:34:49.000Z,2025-11-26T17:13:01.000Z
I Was Born To Love You,Queen,Made In Heaven (Deluxe Edition),Rock,0,0,1985,290,,2025-11-26T17:13:00.000Z
Seven Seas of Rhye,Queen,Queen II (Deluxe Edition),Rock,0,0,1973,172,,2025-11-26T17:12:59.000Z
Headlong,Queen,Innuendo (Deluxe Edition),Rock,0,0,1991,278,,2025-11-26T17:12:55.000Z
Ay-Oh (Live Aid),Queen,Bohemian Rhapsody (The Original Soundtrack),Rock,0,1,2018,41,,2025-11-26T17:12:56.000Z
You Don't Fool Me,Queen,Made In Heaven (Deluxe Edition),Rock,0,0,1995,325,,2025-11-26T17:12:56.000Z
'39,Queen,A Night at the Opera (Deluxe Edition),Rock,4,0,1975,211,2026-08-25T14:35:55.000Z,2025-11-26T17:12:57.000Z
One Vision,Queen,A Kind of Magic (Deluxe Edition),Rock,0,2,1986,310,,2025-11-26T17:12:58.000Z
Spread Your Wings (Remastered 2011),Queen,News Of The World (Deluxe Edition / Remastered 2011),Rock,2,4,1977,274,2026-03-26T07:56:37.000Z,2025-11-26T17:12:52.000Z
Face It Alone,Queen,Face It Alone - Single,Rock,0,0,2022,248,2026-08-03T04:41:14.000Z,2025-11-26T17:12:51.000Z
Don't Try Suicide,Queen,The Game,Rock,0,0,1980,232,2026-08-03T04:45:06.000Z,2025-11-26T17:12:51.000Z
One Year of Love,Queen,A Kind of Magic (Deluxe Edition),Rock,0,1,1986,268,2026-08-03T04:49:33.000Z,2025-11-26T17:12:50.000Z
Stone Cold Crazy,Queen,Sheer Heart Attack (Deluxe Edition with Bonus Videos) [2011 Remaster],Rock,0,1,1974,134,2026-08-03T04:51:47.000Z,2025-11-26T17:12:49.000Z
Tie Your Mother Down,Queen,A Day at the Races (Deluxe Edition),Rock,2,1,1976,289,2026-08-03T04:56:35.000Z,2025-11-26T17:12:48.000Z
The Invisible Man (Remastered 2011),Queen,The Miracle (Collector's Edition),Rock,0,0,1989,243,2026-08-03T05:00:32.000Z,2025-11-26T17:12:47.000Z
Princes of the Universe,Queen,A Kind of Magic (Deluxe Edition),Rock,0,0,1986,212,2026-08-03T05:04:06.000Z,2025-11-26T17:12:47.000Z
Death On Two Legs (Dedicated To...),Queen,A Night at the Opera (Deluxe Edition),Rock,0,1,1975,223,2026-08-03T05:07:50.000Z,2025-11-26T17:12:46.000Z
Dream On,Aerosmith,Aerosmith,Hard Rock,75,13,1973,268,2026-09-02T03:09:36.000Z,2024-05-30T18:59:23.000Z
Rhythm Divine,Enrique Iglesias,Enrique,Latin,19,3,1999,210,2026-08-26T08:24:12.000Z,2025-11-26T17:12:44.000Z
I Was Made for Lovin' You,Kiss,Dynasty,Hard Rock,6,3,1979,270,2026-08-26T08:28:42.000Z,2025-11-26T17:12:44.000Z
Dreams,Fleetwood Mac,Rumours (Super Deluxe Edition),Rock,4,1,1977,258,2026-08-26T08:32:59.000Z,2025-11-26T17:12:43.000Z
"Paint It, Black",The Rolling Stones,Aftermath (US Version),Rock,6,0,1966,202,2026-08-22T09:17:15.000Z,2025-11-26T17:12:42.000Z
Start Me Up,The Rolling Stones,Tattoo You (2021 Remaster),Rock,1,1,1981,214,2025-12-13T10:56:47.000Z,2025-11-26T17:12:41.000Z
(I Can't Get No) Satisfaction,The Rolling Stones,Out of Our Heads,Rock,1,0,1965,223,2025-12-13T11:00:30.000Z,2025-11-26T17:12:40.000Z
Beast of Burden,The Rolling Stones,Some Girls (Deluxe Edition with Bonus Video) [2011 Remaster],Rock,1,1,1978,265,2025-12-13T11:04:55.000Z,2025-11-26T17:12:39.000Z
Gimme Shelter (Remastered 2019),The Rolling Stones,Let It Bleed (Remastered 2019),Rock,1,0,1969,271,2026-08-21T00:09:57.000Z,2025-11-26T17:12:38.000Z
Angie,The Rolling Stones,Goats Head Soup (2009 Remaster),Rock,1,0,1973,272,2026-08-31T15:19:41.000Z,2025-11-26T17:12:37.000Z
Miss You,The Rolling Stones,Some Girls (Deluxe Edition with Bonus Video) [2011 Remaster],Rock,0,0,1978,289,,2025-11-26T17:12:36.000Z
Wild Horses,The Rolling Stones,Sticky Fingers (2015 Remaster),Rock,0,0,1971,344,,2025-11-26T17:12:35.000Z
Sympathy For The Devil,The Rolling Stones,Beggars Banquet (2018 Remaster),Rock,0,0,1968,378,,2025-11-26T17:12:35.000Z
Honky Tonk Women,The Rolling Stones,Forty Licks,Rock,0,0,1969,181,,2025-11-26T17:12:34.000Z
You Can't Always Get What You Want (Remastered 2019),The Rolling Stones,Let It Bleed (Remastered 2019),Rock,0,0,1969,448,,2025-11-26T17:12:32.000Z
Brown Sugar,The Rolling Stones,Sticky Fingers (2015 Remaster),Rock,0,0,1971,229,,2025-11-26T17:12:32.000Z
Under My Thumb,The Rolling Stones,Aftermath (US Version),Rock,0,0,1966,222,,2025-11-26T17:12:31.000Z
Jumpin' Jack Flash,The Rolling Stones,Forty Licks,Rock,0,0,1968,223,,2025-11-26T17:12:30.000Z
Waiting On A Friend,The Rolling Stones,Tattoo You (2021 Remaster),Rock,0,0,1981,276,,2025-11-26T17:12:29.000Z
Ruby Tuesday,The Rolling Stones,Between the Buttons,Rock,0,0,1967,196,,2025-11-26T17:12:27.000Z
Anybody Seen My Baby?,The Rolling Stones,Bridges To Babylon (2009 Remaster),Rock,1,1,1997,271,2026-05-20T01:04:41.000Z,2025-11-26T17:12:27.000Z
Can't You Hear Me Knocking,The Rolling Stones,Sticky Fingers (2015 Remaster),Rock,0,1,1971,436,,2025-11-26T17:12:26.000Z
She's a Rainbow,The Rolling Stones,She's a Rainbow / Dandelion / We Love You - Single,Rock,0,0,1967,254,,2025-11-26T17:12:25.000Z
Sweet Virginia,The Rolling Stones,Exile On Main Street (2010 Remaster),Rock,0,0,1972,266,,2025-11-26T17:12:25.000Z
She's So Cold,The Rolling Stones,Emotional Rescue (2009 Remaster),Rock,0,0,1980,254,,2025-11-26T17:12:24.000Z
Dead Flowers,The Rolling Stones,Sticky Fingers (2015 Remaster),Rock,0,0,1971,245,,2025-11-26T17:12:23.000Z
As Tears Go By,The Rolling Stones,December's Children (And Everybody's),Rock,1,1,1965,166,2026-08-19T12:22:53.000Z,2025-11-26T17:12:22.000Z
It's Only Rock 'N' Roll (But I Like It),The Rolling Stones,It's Only Rock 'N' Roll (2009 Remaster),Rock,1,0,1974,307,2026-06-29T12:32:38.000Z,2025-11-26T17:12:21.000Z
Let's Spend the Night Together,The Rolling Stones,Between the Buttons,Rock,1,0,1967,217,2026-06-29T12:36:16.000Z,2025-11-26T17:12:21.000Z
Emotional Rescue,The Rolling Stones,Emotional Rescue (2009 Remaster),Rock,1,1,1980,339,2026-06-29T12:41:55.000Z,2025-11-26T17:12:19.000Z
Get Off of My Cloud,The Rolling Stones,December's Children (And Everybody's),Rock,1,0,1965,176,2026-08-22T09:20:13.000Z,2025-11-26T17:12:19.000Z
Love Is Strong,The Rolling Stones,Voodoo Lounge (2009 Remaster),Rock,0,0,1994,230,,2025-11-26T17:12:17.000Z
Fool to Cry,The Rolling Stones,Black and Blue (2009 Remaster),Rock,0,0,1976,306,,2025-11-26T17:12:17.000Z
Doo Doo Doo Doo Doo (Heartbreaker),The Rolling Stones,Goats Head Soup (2009 Remaster),Rock,0,0,1973,207,,2025-11-26T17:12:15.000Z
Heaven,The Rolling Stones,Tattoo You (2021 Remaster),Rock,0,0,1981,263,,2025-11-26T17:12:15.000Z
Street Fighting Man,The Rolling Stones,Beggars Banquet (2018 Remaster),Pop,0,0,1968,196,,2025-11-26T17:12:13.000Z
Play With Fire,The Rolling Stones,Out of Our Heads,Rock,0,0,1965,135,,2025-11-26T17:12:13.000Z
Bitch,The Rolling Stones,Sticky Fingers (2015 Remaster),Rock,0,0,1971,218,,2025-11-26T17:12:11.000Z
Let It Bleed (Remastered 2019),The Rolling Stones,Let It Bleed (Remastered 2019),Rock,0,0,1969,328,,2025-11-26T17:12:11.000Z
Happy,The Rolling Stones,Exile On Main Street (2010 Remaster),Rock,0,0,1972,185,,2025-11-26T17:12:09.000Z
Angry,The Rolling Stones,Hackney Diamonds,Rock,0,0,2023,227,,2025-11-26T17:12:08.000Z
Mess It Up,The Rolling Stones,Hackney Diamonds,Rock,0,0,2023,244,,2025-11-26T17:12:08.000Z
Route 66,The Rolling Stones,The Rolling Stones (UK),Rock,0,0,1964,142,,2025-11-26T17:12:06.000Z
Mother's Little Helper,The Rolling Stones,Aftermath (UK),Rock,0,0,1966,165,,2025-11-26T17:12:05.000Z
Saint Of Me,The Rolling Stones,Bridges To Babylon (2009 Remaster),Rock,0,0,1997,315,,2025-11-26T17:12:05.000Z
Almost Hear You Sigh,The Rolling Stones,Steel Wheels (2009 Remaster),Rock,1,0,1989,277,2026-08-18T19:06:26.000Z,2025-11-26T17:12:03.000Z
Shine A Light,The Rolling Stones,Exile On Main Street (2010 Remaster),Rock,0,0,1972,257,,2025-11-26T17:12:02.000Z
Monkey Man (Remastered 2019),The Rolling Stones,Let It Bleed (Remastered 2019),Rock,1,1,1969,252,2026-08-19T19:45:31.000Z,2025-11-26T17:12:01.000Z
Far Away Eyes,The Rolling Stones,Some Girls (Deluxe Edition with Bonus Video) [2011 Remaster],Rock,0,0,1978,264,,2025-11-26T17:12:00.000Z
Loving Cup,The Rolling Stones,Exile On Main Street (2010 Remaster),Rock,0,1,1972,266,,2025-11-26T17:12:00.000Z
Rocks Off,The Rolling Stones,Exile On Main Street (2010 Remaster),Rock,0,0,1972,273,2026-08-03T03:25:56.000Z,2025-11-26T17:11:58.000Z
Zydeco Sont Pas Salés,The Rolling Stones & Steve Riley,A Tribute to the King of Zydeco,Zydeco,0,1,2025,165,2026-08-03T03:28:41.000Z,2025-11-26T17:11:57.000Z
Harlem Shuffle,The Rolling Stones,Dirty Work (2009 Remaster),Rock,1,0,1986,206,2026-08-12T09:34:22.000Z,2025-11-26T17:11:56.000Z
Attention,Charlie Puth,Voicenotes,Pop,6,1,2017,209,2026-08-15T12:22:36.000Z,2025-11-26T17:11:55.000Z
"Danger Zone (From ""Top Gun"" Original Soundtrack)",Kenny Loggins,"Yesterday, Today, Tomorrow - The Greatest Hits Of Kenny Loggins",Rock,21,3,1986,215,2026-08-22T09:05:06.000Z,2025-11-26T17:11:51.000Z
Boulevard of Broken Dreams,Green Day,American Idiot (20th Anniversary Deluxe Edition),Alternative,15,5,2004,261,2026-08-19T19:39:04.000Z,2025-11-26T17:11:50.000Z
About a Girl,Nirvana,Bleach (Deluxe Edition),Alternative,2,1,1989,168,2026-08-12T09:48:36.000Z,2025-11-26T17:11:48.000Z
American Idiot,Green Day,American Idiot,Alternative,4,4,2004,175,2026-08-15T10:26:28.000Z,2025-11-26T17:11:47.000Z
Sweet Dreams (Are Made of This),Marilyn Manson,Smells Like Children,Hard Rock,27,1,1995,293,2026-09-03T12:18:07.000Z,2025-11-26T17:11:47.000Z
Californication,Red Hot Chili Peppers,Californication (Deluxe Edition),Alternative,30,2,1999,321,2026-08-26T09:04:21.000Z,2025-11-26T17:11:46.000Z
How You Remind Me,Nickelback,Silver Side Up,Rock,14,5,2001,224,2026-08-12T10:05:30.000Z,2025-11-26T17:11:41.000Z
Holiday / Boulevard of Broken Dreams,Green Day,American Idiot (Deluxe Edition),Alternative,12,2,2004,493,2026-08-14T16:24:14.000Z,2025-11-26T17:11:40.000Z
This Fire,Killswitch Engage,As Daylight Dies (Special Edition),Metal,3,1,2006,190,2026-08-14T16:27:24.000Z,2025-11-26T17:11:39.000Z
Welcome to the Jungle,Guns N' Roses,Appetite for Destruction,Hard Rock,2,1,1987,273,2026-08-14T16:31:58.000Z,2025-11-26T17:11:38.000Z
Metalingus,Alter Bridge,One Day Remains,Hard Rock,2,0,2004,260,2026-08-14T16:36:18.000Z,2025-11-26T17:11:35.000Z
Succession (Main Title Theme),Nicholas Britell,Succession: Season 1 (HBO Original Series Soundtrack),Soundtrack,15,4,2018,102,2026-08-25T08:48:34.000Z,2025-11-26T17:11:36.000Z
I WANNA BE YOUR SLAVE,Måneskin,Teatro d'Ira - Vol. I,Hard Rock,5,4,2021,173,2026-06-22T13:45:11.000Z,2025-11-26T17:11:37.000Z
Cheap Thrills,Sia,This Is Acting,Pop,18,5,2015,212,2026-06-29T11:58:30.000Z,2024-05-30T19:02:04.000Z
Enth E Nd (Kutmasta Kurt Reanimation) [feat. Motion Man],LINKIN PARK,Hybrid Theory (20th Anniversary Edition),Hard Rock,12,3,2002,240,2026-08-14T16:47:53.000Z,2025-11-26T16:07:38.000Z
Sweet Dreams (Are Made of This),Eurythmics,Sweet Dreams (Are Made of This) [Deluxe Edition],Pop,60,14,1983,217,2026-09-02T20:20:17.000Z,2025-11-26T16:07:39.000Z
Last Resort,Papa Roach,Infest,Hard Rock,19,5,2000,200,2026-08-19T10:58:36.000Z,2025-11-26T16:07:40.000Z
American Prometheus,Ludwig Göransson,Oppenheimer (Original Motion Picture Soundtrack),Soundtrack,20,4,2023,157,2026-08-14T16:43:52.000Z,2025-11-26T16:07:41.000Z
Forever Young,Alphaville,Forever Young,Pop,75,7,1984,227,2026-09-02T02:42:11.000Z,2025-11-26T16:07:29.000Z
Heal the World,Michael Jackson,Dangerous,Pop,24,3,1991,384,2026-08-11T12:30:33.000Z,2025-11-26T16:07:29.000Z
Aerials,System Of A Down,Toxicity,Hard Rock,13,5,2001,235,2026-08-12T10:30:49.000Z,2025-11-26T16:07:30.000Z
The Kill (Bury Me),Thirty Seconds to Mars,A Beautiful Lie,Rock,12,4,2005,232,2026-08-23T11:18:39.000Z,2025-11-26T16:07:31.000Z
Viva La Vida,Coldplay,Viva La Vida or Death and All His Friends,Alternative,56,9,2008,241,2026-08-30T16:21:22.000Z,2025-11-26T16:07:32.000Z
Smack That (feat. Eminem),Akon,Konvicted,R&B/Soul,17,7,2006,212,2026-08-13T12:19:55.000Z,2025-11-26T16:07:33.000Z
Back That Up To The Beat (demo version),Madonna,Back That Up To The Beat - Single,Pop,14,7,2022,211,2026-08-10T09:46:53.000Z,2025-11-26T16:07:24.000Z
In the End (One More Light Live),LINKIN PARK,One More Light Live,Hard Rock,7,1,2017,228,2026-08-10T09:50:42.000Z,2025-11-26T16:07:24.000Z
Numb (One More Light Live),LINKIN PARK,One More Light Live,Hard Rock,6,0,2017,231,2026-08-10T09:54:31.000Z,2025-11-26T09:22:02.000Z
Bleed It Out (Live),LINKIN PARK,One More Light: Live,Hard Rock,4,0,2017,297,2026-08-10T09:59:29.000Z,2025-11-26T09:22:00.000Z
What I've Done (One More Light Live),LINKIN PARK,One More Light Live,Hard Rock,4,1,2017,273,2026-08-10T10:04:02.000Z,2025-11-26T16:07:21.000Z
Leave Out All the Rest (Live),LINKIN PARK,One More Light: Live,Hard Rock,3,0,2017,291,2026-08-15T10:39:45.000Z,2025-11-26T09:22:00.000Z
ily (i love you baby) [feat. Emilee],Surf Mesa,ily (i love you baby) [feat. Emilee] - Single,Dance,7,1,2019,177,2026-06-18T12:01:57.000Z,2025-11-26T16:07:19.000Z
Diet Mountain Dew,Lana Del Rey,Born To Die,Alternative,23,5,2012,223,2026-09-01T14:43:34.000Z,2025-11-26T08:42:12.000Z
We Are the People,Empire Of The Sun,Walking on a Dream (10th Anniversary Edition),Alternative,11,4,2008,267,2026-06-19T18:42:27.000Z,2025-11-26T16:07:17.000Z
Play Date,Melanie Martinez,Cry Baby (Deluxe Edition),Alternative,16,4,2015,180,2026-08-14T14:15:17.000Z,2025-11-26T08:42:49.000Z
Talking to Myself (One More Light Live),LINKIN PARK,One More Light Live,Hard Rock,4,2,2017,317,2026-06-17T19:20:31.000Z,2025-11-26T16:07:04.000Z
Burn It Down (Live),LINKIN PARK,One More Light: Live,Hard Rock,3,1,2017,254,2026-06-17T19:24:45.000Z,2025-11-26T09:22:00.000Z
Battle Symphony (One More Light Live),LINKIN PARK,One More Light Live,Hard Rock,3,0,2017,225,2026-06-17T19:28:30.000Z,2025-11-26T16:07:05.000Z
New Divide (One More Light Live),LINKIN PARK,One More Light Live,Hard Rock,3,1,2017,271,2026-06-17T19:33:01.000Z,2025-11-26T16:07:06.000Z
Invisible (One More Light Live),LINKIN PARK,One More Light Live,Hard Rock,1,1,2017,270,2025-12-15T14:05:47.000Z,2025-11-26T16:07:07.000Z
Nobody Can Save Me (One More Light Live),LINKIN PARK,One More Light Live,Hard Rock,1,0,2017,240,2025-12-15T14:09:47.000Z,2025-11-26T16:07:07.000Z
One More Light (One More Light Live),LINKIN PARK,One More Light Live,Hard Rock,2,0,2017,259,2025-12-21T18:38:34.000Z,2025-11-26T16:07:08.000Z
Good Goodbye (feat. Stormzy) [Live],LINKIN PARK,One More Light: Live,Hard Rock,3,0,2017,249,2026-06-17T19:00:10.000Z,2025-11-26T09:22:00.000Z
Sharp Edges (One More Light Live),LINKIN PARK,One More Light Live,Alternative,3,0,2017,288,2025-12-21T18:47:31.000Z,2025-11-26T16:07:10.000Z
Heavy (One More Light Live),LINKIN PARK,One More Light Live,Hard Rock,1,0,2017,176,2025-12-21T18:50:27.000Z,2025-11-26T16:07:13.000Z
death bed (feat. beabadoobee) [coffee for your head],Powfu,death bed (feat. beabadoobee) [coffee for your head] - Single,Hip-Hop/Rap,6,1,2020,173,2026-04-14T10:47:08.000Z,2025-11-26T16:06:52.000Z
Summertime Sadness,Lana Del Rey,Born To Die,Alternative,3,3,2012,265,2026-05-19T23:55:44.000Z,2025-11-26T16:06:57.000Z
Talking to the Moon,Bruno Mars,Doo-Wops & Hooligans (Deluxe),Pop,15,7,2010,218,2026-08-29T20:13:06.000Z,2025-11-26T16:06:57.000Z
"Feel Good Inc. (feat. David Jolicoeur, Kelvin Mercer & Vincent Mason)",Gorillaz & De La Soul,Demon Days,Alternative,15,5,2005,221,2026-08-29T20:16:47.000Z,2025-11-26T16:06:58.000Z
West Coast,Lana Del Rey,Ultraviolence (Deluxe),Alternative,6,2,2014,257,2026-06-17T18:52:44.000Z,2025-11-26T16:06:59.000Z
Like a Virgin,Madonna,Like a Virgin,Pop,10,4,1984,219,2026-06-13T21:09:56.000Z,2024-05-30T19:08:23.000Z
Soundcheck,Catfish and the Bottlemen,The Ride,Alternative,5,0,2016,262,2026-06-13T21:14:18.000Z,2025-11-28T21:28:43.000Z
I Don't Give a Damn,MC Ren,The Villain In Black,Rap,8,2,1996,235,2026-06-13T21:18:14.000Z,2025-11-29T02:53:50.000Z
Beyblade (Opening  Let's Beyblade),Dimension Anime,Classic Legends / Openings,Alternative,18,11,2023,65,2026-06-13T21:19:19.000Z,2025-11-30T14:25:15.000Z
R U Mine?,Arctic Monkeys,AM,Alternative,11,3,2012,202,2026-06-13T21:22:41.000Z,2025-12-03T11:34:36.000Z
Fluorescent Adolescent,Arctic Monkeys,Favourite Worst Nightmare,Alternative,10,8,2007,180,2026-01-15T11:29:16.000Z,2025-12-03T11:34:36.000Z
Mardy Bum,Arctic Monkeys,"Whatever People Say I Am, That's What I'm Not",Alternative,9,2,2006,175,2026-04-30T00:08:15.000Z,2025-12-03T11:34:35.000Z
Snap Out of It,Arctic Monkeys,AM,Alternative,6,1,2013,193,2026-01-15T11:35:24.000Z,2025-12-03T11:34:35.000Z
I Bet You Look Good on the Dancefloor,Arctic Monkeys,"Whatever People Say I Am, That's What I'm Not",Alternative,4,1,2005,174,2026-01-15T11:38:13.000Z,2025-12-03T11:34:36.000Z
Why'd You Only Call Me When You're High?,Arctic Monkeys,AM,Alternative,5,0,2013,161,2026-06-14T22:10:33.000Z,2025-12-03T11:34:36.000Z
There’d Better Be A Mirrorball,Arctic Monkeys,The Car,Alternative,4,2,2022,266,2026-04-23T18:08:50.000Z,2025-12-03T11:34:35.000Z
505,Arctic Monkeys,Favourite Worst Nightmare,Alternative,58,8,2007,254,2026-09-03T17:00:48.000Z,2025-11-26T08:42:12.000Z
Do I Wanna Know?,Arctic Monkeys,AM,Alternative,21,3,2013,272,2026-08-23T21:32:03.000Z,2025-12-03T11:34:36.000Z
Crying Lightning,Arctic Monkeys,Humbug (Bonus Track Version),Alternative,11,2,2009,223,2026-07-22T11:38:58.000Z,2025-12-03T11:34:36.000Z
Body Paint,Arctic Monkeys,The Car,Alternative,2,0,2022,291,2026-01-17T14:40:58.000Z,2025-12-03T11:34:36.000Z
Brianstorm,Arctic Monkeys,Favourite Worst Nightmare,Alternative,5,3,2007,172,2026-04-30T00:24:48.000Z,2025-12-03T11:34:36.000Z
Teddy Picker,Arctic Monkeys,Favourite Worst Nightmare,Alternative,3,1,2007,165,2026-07-10T16:50:01.000Z,2025-12-03T11:34:36.000Z
Four out of Five,Arctic Monkeys,Tranquility Base Hotel & Casino,Alternative,4,0,2018,312,2026-04-23T18:04:24.000Z,2025-12-03T11:34:36.000Z
When the Sun Goes Down,Arctic Monkeys,"Whatever People Say I Am, That's What I'm Not",Alternative,4,1,2006,200,2026-04-23T17:59:12.000Z,2025-12-03T11:34:36.000Z
I Wanna Be Yours,Arctic Monkeys,AM,Alternative,76,2,2013,184,2026-08-29T13:10:58.000Z,2025-11-26T16:07:16.000Z
A Certain Romance,Arctic Monkeys,"Whatever People Say I Am, That's What I'm Not",Alternative,7,5,2006,331,2026-05-20T00:27:05.000Z,2025-12-03T11:34:36.000Z
Do Me a Favour,Arctic Monkeys,Favourite Worst Nightmare,Alternative,7,0,2007,209,2026-01-28T11:22:55.000Z,2025-12-03T11:34:36.000Z
Don't Sit Down 'Cause I've Moved Your Chair,Arctic Monkeys,Suck It and See,Alternative,3,1,2011,184,2026-01-28T11:25:59.000Z,2025-12-03T11:34:36.000Z
I Ain’t Quite Where I Think I Am,Arctic Monkeys,The Car,Alternative,2,0,2022,191,2025-12-21T20:42:27.000Z,2025-12-03T11:34:35.000Z
Fake Tales of San Francisco,Arctic Monkeys,"Whatever People Say I Am, That's What I'm Not",Alternative,2,0,2006,178,2026-01-11T11:07:52.000Z,2025-12-03T11:34:36.000Z
Arabella,Arctic Monkeys,AM,Alternative,18,4,2013,207,2026-07-10T16:57:00.000Z,2025-12-03T11:34:36.000Z
Tranquility Base Hotel & Casino,Arctic Monkeys,Tranquility Base Hotel & Casino,Alternative,19,8,2018,212,2026-07-10T17:00:32.000Z,2025-12-03T11:34:36.000Z
Black Treacle,Arctic Monkeys,Suck It and See,Alternative,12,5,2011,215,2026-07-27T07:09:53.000Z,2025-12-03T11:34:36.000Z
Leave Before the Lights Come On,Arctic Monkeys,Leave Before the Lights Come On - EP,Alternative,8,1,2006,234,2026-08-02T13:15:40.000Z,2025-12-03T11:34:36.000Z
Cornerstone,Arctic Monkeys,Humbug (Bonus Track Version),Alternative,8,0,2009,198,2026-03-14T09:54:58.000Z,2025-12-03T11:34:36.000Z
Knee Socks,Arctic Monkeys,AM,Alternative,10,1,2013,258,2026-04-30T00:18:37.000Z,2025-12-03T11:34:36.000Z
Dancing Shoes,Arctic Monkeys,"Whatever People Say I Am, That's What I'm Not",Alternative,9,0,2006,141,2026-04-30T00:14:19.000Z,2025-12-03T11:34:35.000Z
My Propeller,Arctic Monkeys,Humbug (Bonus Track Version),Alternative,8,0,2009,207,2025-12-22T22:01:32.000Z,2025-12-03T11:34:35.000Z
Radio,Lana Del Rey,Born to Die – Paradise Edition (Special Version),Pop,2,4,2012,215,2026-06-27T06:18:46.000Z,2026-01-08T07:10:23.000Z
Say Yes To Heaven,Lana Del Rey,Say Yes To Heaven - Single,Alternative,1,1,2023,209,2026-06-27T06:15:11.000Z,2026-01-08T07:20:38.000Z
Young and Beautiful,Lana Del Rey,The Great Gatsby (Music From Baz Luhrmann's Film),Soundtrack,10,1,2013,236,2026-06-27T07:28:03.000Z,2026-01-09T11:50:48.000Z
SexyBack (feat. Timbaland),Justin Timberlake,FutureSex/LoveSounds,Pop,10,3,2006,243,2026-06-27T06:11:42.000Z,2026-01-15T07:34:23.000Z
Les,Childish Gambino,Camp,Hip-Hop/Rap,63,25,2011,317,2026-08-29T11:29:43.000Z,2026-01-18T17:07:11.000Z
Bailamos,Enrique Iglesias,Enrique,Latin,23,2,1999,213,2026-08-18T18:59:32.000Z,2026-01-29T18:03:28.000Z
Despacito (feat. Justin Bieber) [Remix],Luis Fonsi & Daddy Yankee,VIDA,Pop,7,4,2017,230,2026-08-03T02:47:32.000Z,2026-02-15T08:46:38.000Z
Cake By the Ocean,DNCE,DNCE,Pop,5,1,2015,219,2026-06-19T10:05:27.000Z,2026-02-15T17:47:21.000Z
Last Friday Night (T.G.I.F.),Katy Perry,Teenage Dream,Teen Pop,4,1,2010,231,2026-06-19T10:09:18.000Z,2026-02-15T17:51:14.000Z
Style,Taylor Swift,1989 (Deluxe Edition),Pop,5,2,2014,231,2026-06-19T10:13:09.000Z,2026-02-15T17:59:58.000Z
So High,Doja Cat,So High - Single,R&B/Soul,1,0,2014,202,2026-06-19T10:16:31.000Z,2026-03-15T08:20:11.000Z
Comfortably Numb,Pink Floyd,The Wall,Rock,19,2,1979,382,2026-09-03T13:50:45.000Z,2026-03-21T17:19:58.000Z
Have a Cigar,Pink Floyd,Wish You Were Here,Rock,9,0,1975,309,2026-08-02T18:29:45.000Z,2026-03-21T17:20:10.000Z
Brain Damage,Pink Floyd,The Dark Side of the Moon,Rock,5,0,1973,230,2026-07-21T18:32:17.000Z,2026-03-21T17:28:57.000Z
Eclipse,Pink Floyd,The Dark Side of the Moon,Rock,3,0,1973,127,2026-07-14T14:04:42.000Z,2026-03-21T17:29:45.000Z
Wish You Were Here,Pink Floyd,Wish You Were Here,Rock,7,0,1975,339,2026-08-22T15:06:56.000Z,2026-03-21T17:32:46.000Z
Breathe (In the Air),Pink Floyd,The Dark Side of the Moon,Rock,5,0,1973,170,2026-08-22T15:09:46.000Z,2026-03-21T17:37:05.000Z
The Happiest Days of Our Lives,Pink Floyd,The Wall,Rock,3,1,1979,111,2026-06-19T10:44:18.000Z,2026-03-21T17:37:06.000Z
"Another Brick In the Wall, Pt. 2",Pink Floyd,The Wall,Rock,31,2,1979,239,2026-08-22T14:56:28.000Z,2025-11-26T17:10:48.000Z
Learning to Fly (Remix 2019),Pink Floyd,A Momentary Lapse of Reason (2019 Remix),Rock,4,2,1987,293,2026-06-19T10:53:10.000Z,2026-03-21T17:37:06.000Z
Hey You,Pink Floyd,The Wall,Rock,5,1,1979,280,2026-08-18T09:07:51.000Z,2026-03-21T17:37:06.000Z
Money,Pink Floyd,The Dark Side of the Moon,Rock,1,1,1973,380,2026-06-19T11:04:10.000Z,2026-03-21T17:37:05.000Z
Mother,Pink Floyd,The Wall,Rock,3,1,1979,335,2026-06-19T11:09:45.000Z,2026-03-21T17:37:05.000Z
Time,Pink Floyd,The Dark Side of the Moon,Rock,2,0,1973,423,2026-06-19T11:16:48.000Z,2026-03-21T17:37:05.000Z
Run Like Hell,Pink Floyd,The Wall,Rock,3,0,1979,263,2026-06-19T11:21:11.000Z,2026-03-21T17:37:06.000Z
"Shine On You Crazy Diamond, Pts. 1-5",Pink Floyd,Wish You Were Here,Rock,1,0,1975,815,2026-06-19T11:34:46.000Z,2026-03-21T17:37:05.000Z
Us and Them,Pink Floyd,The Dark Side of the Moon,Rock,1,1,1973,473,2026-04-29T21:15:17.000Z,2026-03-21T17:37:05.000Z
Young Lust,Pink Floyd,The Wall,Rock,2,0,1979,210,2026-04-21T12:25:41.000Z,2026-03-21T17:37:06.000Z
On the Turning Away (Remix 2019),Pink Floyd,A Momentary Lapse of Reason (2019 Remix),Rock,1,0,1987,343,2026-04-21T12:12:42.000Z,2026-03-21T17:37:06.000Z
See Emily Play,Pink Floyd,Relics,Rock,0,0,1967,174,,2026-03-21T17:37:06.000Z
Welcome to the Machine,Pink Floyd,Wish You Were Here,Rock,0,0,1975,451,,2026-03-21T17:37:06.000Z
The Great Gig In the Sky,Pink Floyd,The Dark Side of the Moon,Rock,0,0,1973,284,,2026-03-21T17:37:05.000Z
Pigs (Three Different Ones),Pink Floyd,Animals,Rock,0,1,1977,686,,2026-03-21T17:37:05.000Z
Is There Anybody Out There?,Pink Floyd,The Wall,Rock,2,1,1979,162,2026-04-19T18:33:51.000Z,2026-03-21T17:37:06.000Z
On the Run,Pink Floyd,The Dark Side of the Moon,Rock,0,0,1973,216,,2026-03-21T17:37:05.000Z
One of These Days,Pink Floyd,Meddle (2016 Remaster),Rock,1,0,1971,355,2026-03-27T12:44:09.000Z,2026-03-21T17:37:06.000Z
Arnold Layne,Pink Floyd,Relics,Rock,1,1,1967,176,2026-04-29T21:03:33.000Z,2026-03-21T17:37:06.000Z
Any Colour You Like,Pink Floyd,The Dark Side of the Moon,Rock,1,0,1973,206,2026-03-23T19:24:20.000Z,2026-03-21T17:37:05.000Z
Fearless,Pink Floyd,Meddle (2016 Remaster),Rock,1,1,1971,368,2026-04-02T14:56:19.000Z,2026-03-21T17:37:06.000Z
Dogs,Pink Floyd,Animals,Rock,0,0,1977,1025,,2026-03-21T17:37:05.000Z
Astronomy Domine,Pink Floyd,The Piper at the Gates of Dawn,Rock,1,0,1967,252,2026-06-26T12:53:00.000Z,2026-03-21T17:37:05.000Z
High Hopes,Pink Floyd,The Division Bell,Rock,2,1,1994,511,2026-09-03T13:59:34.000Z,2026-03-21T17:37:05.000Z
Goodbye Blue Sky,Pink Floyd,The Wall,Rock,0,0,1979,167,,2026-03-21T17:37:05.000Z
Echoes,Pink Floyd,Meddle (2016 Remaster),Rock,0,0,1971,1413,,2026-03-21T17:37:06.000Z
The Dogs of War,Pink Floyd,A Momentary Lapse of Reason,Rock,0,0,1987,364,,2026-03-21T17:37:05.000Z
Free Bird,Lynyrd Skynyrd,Pronounced' Leh-'Nerd 'Skin-'Nerd,Rock,16,0,1973,553,2026-08-10T18:43:11.000Z,2025-11-26T08:42:12.000Z
Hold My Hand,Lady Gaga,Top Gun: Maverick (Music from the Motion Picture),Pop,35,6,2022,225,2026-08-20T17:31:16.000Z,2026-04-02T08:31:00.000Z
Kryptonite,3 Doors Down,The Better Life (Deluxe Edition),Rock,32,2,1999,235,2026-09-01T10:20:01.000Z,2026-04-12T20:55:54.000Z
Sing For The Moment (Instrumental),Eminem,The Eminem Show (Expanded Edition),Hip-Hop/Rap,33,11,2002,384,2026-08-10T07:45:46.000Z,2026-04-15T18:53:01.000Z
Babydoll,Dominic Fike,"Don't Forget About Me, Demos - EP",Alternative,148,9,2018,98,2026-09-03T17:05:31.000Z,2026-04-22T08:29:34.000Z
Die With A Smile,Lady Gaga & Bruno Mars,Die With A Smile - Single,Pop,23,8,2024,252,2026-08-22T09:40:55.000Z,2026-05-23T08:33:17.000Z
I Lived,OneRepublic,Native,Pop,11,6,2013,235,2026-08-15T20:50:46.000Z,2026-05-24T08:38:48.000Z
enjoy the ride,almost monday,enjoy the ride - Single,Alternative,27,6,2025,171,2026-08-15T20:53:37.000Z,2026-05-24T12:06:05.000Z
Mayonaka No Door ~Stay with Me,Miki Matsubara,Miki Matsubara Best Collection,J-Pop,14,1,1979,312,2026-07-11T19:02:24.000Z,2026-06-17T07:09:41.000Z
Wonderwall,Oasis,Time Flies...1994-2009,Rock,40,7,1995,262,2026-09-01T20:51:49.000Z,2026-06-19T05:03:24.000Z
Adventure of a Lifetime,Coldplay,A Head Full of Dreams,Alternative,2,4,2015,264,2026-06-23T16:47:30.000Z,2026-06-22T10:15:11.000Z
All Along the Watchtower,The Jimi Hendrix Experience,Electric Ladyland - 50th Anniversary Deluxe Edition,Pop,8,2,1968,240,2026-08-11T21:21:24.000Z,2026-07-02T07:36:20.000Z
Mama Kin,Aerosmith,Aerosmith,Rock,1,1,1973,269,2026-07-08T10:49:27.000Z,2026-07-08T10:46:35.000Z
Cryin',Aerosmith,Get A Grip,Pop,6,1,1993,308,2026-08-31T17:00:31.000Z,2026-07-08T10:50:49.000Z
Dream On,Aerosmith,Aerosmith,Hard Rock,75,13,1973,268,2026-09-02T03:09:36.000Z,2024-05-30T18:59:23.000Z
Sweet Emotion,Aerosmith,Toys In The Attic,Rock,3,6,1975,274,2026-07-24T16:12:35.000Z,2026-07-08T11:09:30.000Z
Cryin',Aerosmith,Get A Grip,Pop,6,1,1993,308,2026-08-31T17:00:31.000Z,2026-07-08T10:50:49.000Z
Walk This Way,Aerosmith,Toys In The Attic,Rock,2,1,1975,222,2026-09-02T01:37:11.000Z,2026-07-08T11:09:31.000Z
Rag Doll,Aerosmith,Permanent Vacation,Hard Rock,3,1,1987,266,2026-08-31T17:04:57.000Z,2026-07-08T11:09:30.000Z
"I Don't Want To Miss A Thing (From ""Armageddon"" Soundtrack)",Aerosmith,I Don't Want To Miss A Thing EP,Soundtrack,1,0,1998,300,2026-09-02T02:01:05.000Z,2026-07-08T11:09:31.000Z
Crazy,Aerosmith,Get A Grip,Pop,2,0,1993,317,2026-08-15T13:42:49.000Z,2026-07-08T11:09:30.000Z
Angel,Aerosmith,Permanent Vacation,Hard Rock,16,4,1987,308,2026-09-02T17:45:36.000Z,2026-07-08T11:09:30.000Z
Dude (Looks Like a Lady),Aerosmith,Permanent Vacation,Hard Rock,4,3,1987,264,2026-08-25T20:09:24.000Z,2026-07-08T11:09:30.000Z
What It Takes,Aerosmith,Pump,Hard Rock,4,0,1989,388,2026-08-25T20:15:52.000Z,2026-07-08T11:09:30.000Z
Livin' On The Edge,Aerosmith,Get A Grip,Pop,1,1,1993,381,2026-08-22T14:39:19.000Z,2026-07-08T11:09:30.000Z
Going Down / Love In an Elevator,Aerosmith,Pump,Hard Rock,0,1,1989,338,2026-08-10T07:17:34.000Z,2026-07-08T11:09:31.000Z
Same Old Song and Dance,Aerosmith,Get Your Wings,Hard Rock,1,0,1974,234,2026-08-24T14:18:26.000Z,2026-07-08T11:09:31.000Z
Come Together,Aerosmith,Pandora's Box,Rock,1,0,1978,225,2026-08-14T10:40:01.000Z,2026-07-08T11:09:30.000Z
Pink,Aerosmith,Nine Lives,Rock,3,1,1997,235,2026-09-02T01:47:31.000Z,2026-07-08T11:09:30.000Z
Jaded,Aerosmith,Just Push Play,Rock,2,2,2000,216,2026-08-24T15:03:55.000Z,2026-07-08T11:09:30.000Z
Water Song / Janie's Got a Gun,Aerosmith,Pump,Hard Rock,1,0,1989,340,2026-08-18T09:25:40.000Z,2026-07-08T11:09:31.000Z
Amazing,Aerosmith,Get A Grip,Rock,1,1,1993,357,2026-08-24T15:14:03.000Z,2026-07-08T11:09:30.000Z
Back In the Saddle,Aerosmith,Rocks,Hard Rock,3,2,1976,280,2026-08-20T13:06:58.000Z,2026-07-08T11:09:31.000Z
Deuces Are Wild,Aerosmith & Beavis and Butt-Head,The Beavis and Butt-Head Experience,Rock,2,0,1993,231,2026-08-18T09:33:07.000Z,2026-07-08T11:09:31.000Z
Mama Kin,Aerosmith,Aerosmith,Rock,1,1,1973,269,2026-07-08T10:49:27.000Z,2026-07-08T10:46:35.000Z
Train Kept a Rollin',Aerosmith,Get Your Wings,Hard Rock,2,1,1974,334,2026-08-24T15:00:20.000Z,2026-07-08T11:09:31.000Z
Dulcimer Stomp / The Other Side,Aerosmith,Pump,Hard Rock,0,0,1989,296,,2026-07-08T11:09:31.000Z
Toys In The Attic,Aerosmith,Pandora's Box,Rock,0,1,1975,185,2026-07-26T18:50:55.000Z,2026-07-08T11:09:30.000Z
Walk This Way (feat. Aerosmith),Run-DMC,Raising Hell,Hip-Hop/Rap,2,0,1986,310,2026-09-02T01:33:29.000Z,2026-07-08T11:09:30.000Z
Kings and Queens,Aerosmith,Draw the Line,Hard Rock,0,0,1977,296,2026-07-26T18:47:50.000Z,2026-07-08T11:09:31.000Z
Big Ten Inch Record,Aerosmith,Toys In The Attic,Rock,1,0,1975,137,2026-08-24T14:51:40.000Z,2026-07-08T11:09:31.000Z
Last Child,Aerosmith,Rocks,Hard Rock,3,0,1976,207,2026-09-02T01:50:57.000Z,2026-07-08T11:09:31.000Z
Draw the Line,Aerosmith,Draw the Line,Hard Rock,2,4,1977,204,2026-08-24T14:25:17.000Z,2026-07-08T11:09:31.000Z
Hole In My Soul,Aerosmith,Nine Lives,Rock,0,2,1997,370,,2026-07-08T11:09:31.000Z
Eat The Rich,Aerosmith,Get A Grip,Pop,1,0,1993,250,2026-08-24T15:08:06.000Z,2026-07-08T11:09:30.000Z
Just Push Play,Aerosmith,Just Push Play,Rock,0,0,2001,231,2026-07-25T19:08:44.000Z,2026-07-08T11:09:30.000Z
Falling In Love (Is Hard On the Knees),Aerosmith,Nine Lives,Rock,1,2,1997,206,2026-09-01T12:16:20.000Z,2026-07-08T11:09:30.000Z
Remember (Walking In the Sand),Aerosmith,Night In the Ruts,Hard Rock,1,0,1979,245,2026-08-18T15:56:39.000Z,2026-07-08T11:09:30.000Z
Flashing Lights,Kanye West,Graduation,Hip-Hop/Rap,18,6,2007,237,2026-08-25T20:36:07.000Z,2026-07-12T17:59:10.000Z
Heartless,Kanye West,808s & Heartbreak (Exclusive Edition),Hip-Hop/Rap,0,0,2008,211,,2026-07-15T06:39:13.000Z
All Falls Down (feat. Syleena Johnson),Kanye West,The College Dropout,Hip-Hop/Rap,0,0,2004,224,,2026-07-15T06:39:12.000Z
Power,Kanye West,My Beautiful Dark Twisted Fantasy,Hip-Hop/Rap,0,0,2010,292,,2026-07-15T06:39:13.000Z
Ni**as in Paris,JAŸ-Z & Kanye West,Watch the Throne (Deluxe),Hip-Hop/Rap,0,0,2011,219,,2026-07-15T06:39:13.000Z
Can't Tell Me Nothing,Kanye West,Graduation,Hip-Hop/Rap,6,0,2007,272,2026-08-19T20:24:41.000Z,2026-07-15T06:39:13.000Z
Jesus Walks,Kanye West,The College Dropout,Hip-Hop/Rap,1,0,2004,194,2026-08-16T17:54:30.000Z,2026-07-15T06:39:12.000Z
Hurricane,Kanye West,Donda (Deluxe),Hip-Hop/Rap,0,1,2021,243,,2026-07-15T06:39:12.000Z
Touch the Sky (feat. Lupe Fiasco),Kanye West,Late Registration,Hip-Hop/Rap,0,0,2005,237,,2026-07-15T06:39:13.000Z
All of the Lights,Kanye West,My Beautiful Dark Twisted Fantasy,Hip-Hop/Rap,0,0,2010,300,,2026-07-15T06:39:13.000Z
Through The Wire,Kanye West,The College Dropout,Hip-Hop/Rap,0,1,2003,221,,2026-07-15T06:39:13.000Z
Stronger,Kanye West,Graduation,Hip-Hop/Rap,1,1,2007,312,2026-07-29T12:54:38.000Z,2026-07-15T06:39:13.000Z
Black Skinhead,Kanye West,Yeezus,Hip-Hop/Rap,0,1,2013,188,,2026-07-15T06:39:13.000Z
Runaway (feat. Pusha T),Kanye West,My Beautiful Dark Twisted Fantasy,Hip-Hop/Rap,1,0,2010,548,2026-08-05T11:27:13.000Z,2026-07-15T06:39:12.000Z
Flashing Lights (feat. Dwele),Kanye West,Graduation,Hip-Hop/Rap,9,1,2007,238,2026-08-22T14:10:40.000Z,2026-07-15T06:39:12.000Z
Bound 2,Kanye West,Yeezus,Hip-Hop/Rap,0,2,2013,229,,2026-07-15T06:39:13.000Z
Good Life (feat. T-Pain),Kanye West,Graduation,Hip-Hop/Rap,1,1,2007,207,2026-08-15T11:42:57.000Z,2026-07-15T06:39:13.000Z
Fade,Kanye West,The Life of Pablo,Hip-Hop/Rap,0,0,2016,194,,2026-07-15T06:39:13.000Z
Gold Digger (feat. Jamie Foxx),Kanye West,Late Registration,Hip-Hop/Rap,1,1,2005,208,2026-07-31T21:24:39.000Z,2026-07-15T06:39:13.000Z
Otis (feat. Otis Redding),JAŸ-Z & Kanye West,Watch the Throne,Hip-Hop/Rap,0,0,2011,178,,2026-07-15T06:39:12.000Z
Clique,"Kanye West, JAŸ-Z & Big Sean",Kanye West Presents: Good Music - Cruel Summer,Hip-Hop/Rap,0,0,2012,294,,2026-07-15T06:39:13.000Z
Jail,Kanye West,Donda (Deluxe),Hip-Hop/Rap,0,0,2021,297,,2026-07-15T06:39:13.000Z
Love Lockdown,Kanye West,808s & Heartbreak (Exclusive Edition),Hip-Hop/Rap,0,1,2008,270,,2026-07-15T06:39:13.000Z
"Monster (feat. JAŸ-Z, Rick Ross, Nicki Minaj & Bon Iver)",Kanye West,My Beautiful Dark Twisted Fantasy,Hip-Hop/Rap,0,0,2010,379,,2026-07-15T06:39:13.000Z
Slow Jamz (feat. Kanye West & Jamie Foxx),Twista,Kamikaze,Hip-Hop/Rap,0,0,2003,212,,2026-07-15T06:39:12.000Z
Famous,Kanye West,The Life of Pablo,Hip-Hop/Rap,0,1,2016,196,,2026-07-15T06:39:13.000Z
"Mercy (feat. Big Sean, Pusha T & 2 Chainz)",Kanye West,"Mercy (feat. Big Sean, Pusha T & 2 Chainz) - Single",Hip-Hop/Rap,0,0,2012,329,,2026-07-15T06:39:13.000Z
Follow God,Kanye West,JESUS IS KING,Hip-Hop/Rap,0,0,2019,105,,2026-07-15T06:39:12.000Z
FourFiveSeconds,Rihanna and Kanye West and Paul McCartney,FourFiveSeconds - Single,Pop,0,0,2015,188,,2026-07-15T06:39:12.000Z
"Father Stretch My Hands, Pt. 1",Kanye West,The Life of Pablo,Hip-Hop/Rap,1,1,2016,136,2026-08-18T19:01:48.000Z,2026-07-15T06:39:13.000Z
I Love It,Kanye West & Lil Pump,I Love It - Single,Hip-Hop/Rap,0,0,2018,128,,2026-07-15T06:39:13.000Z
Yikes,Kanye West,ye,Hip-Hop/Rap,0,1,2018,189,,2026-07-15T06:39:13.000Z
Moon,Kanye West,Donda (Deluxe),Hip-Hop/Rap,0,0,2021,156,,2026-07-15T06:39:12.000Z
Diamonds From Sierra Leone (Bonus Track),Kanye West,Late Registration,Hip-Hop/Rap,0,0,2005,238,,2026-07-15T06:39:13.000Z
Ghost Town (feat. PARTYNEXTDOOR),Kanye West,ye,Hip-Hop/Rap,0,0,2018,271,,2026-07-15T06:39:13.000Z
Ultralight Beam,Kanye West,The Life of Pablo,Hip-Hop/Rap,0,1,2016,321,,2026-07-15T06:39:12.000Z
Off The Grid,Kanye West,Donda (Deluxe),Hip-Hop/Rap,0,0,2021,339,,2026-07-15T06:39:13.000Z
Reborn,KIDS SEE GHOSTS,KIDS SEE GHOSTS,Hip-Hop/Rap,0,0,2018,325,,2026-07-15T06:39:12.000Z
New Slaves,Kanye West,Yeezus,Hip-Hop/Rap,0,0,2013,256,,2026-07-15T06:39:13.000Z
All Mine,Kanye West,ye,Hip-Hop/Rap,0,0,2018,146,,2026-07-15T06:39:13.000Z
Jonah,Kanye West,Donda (Deluxe),Hip-Hop/Rap,0,0,2021,195,2026-08-02T13:40:04.000Z,2026-07-15T06:39:12.000Z
Homecoming (feat. Chris Martin),Kanye West,Graduation,Hip-Hop/Rap,1,4,2007,203,2026-07-28T18:03:41.000Z,2026-07-15T06:39:13.000Z
Wash Us in the Blood (feat. Travis Scott),Kanye West,Wash Us in the Blood (feat. Travis Scott) - Single,Hip-Hop/Rap,0,0,2020,190,2026-07-25T20:55:06.000Z,2026-07-15T06:39:13.000Z
Paranoid (feat. Mr Hudson),Kanye West,808s & Heartbreak (Exclusive Edition),Hip-Hop/Rap,0,0,2008,278,,2026-07-15T06:39:13.000Z
Closed on Sunday,Kanye West,JESUS IS KING,Hip-Hop/Rap,0,0,2019,152,,2026-07-15T06:39:12.000Z
Tumbling Dice,The Rolling Stones,Exile On Main Street (2010 Remaster),Rock,0,0,1972,227,,2025-11-26T17:12:30.000Z
Hailie's Song,Eminem,The Eminem Show,Hip-Hop/Rap,7,2,2002,321,2026-09-02T03:20:41.000Z,2026-08-01T12:07:09.000Z
The A Team,Ed Sheeran,+ (Deluxe Version),Pop,1,2,2010,258,2026-08-20T17:26:37.000Z,2026-08-02T21:37:46.000Z
I Thought I Saw Your Face Today,She & Him,Volume One,Rock,17,0,2008,170,2026-09-02T13:56:24.000Z,2026-08-07T16:02:55.000Z
Hey Jude,The Beatles,The Beatles 1967-1970 (The Blue Album),Rock,5,2,1968,431,2026-08-25T19:52:49.000Z,2026-08-09T15:51:29.000Z
All You Need Is Love,The Beatles,1,Rock,3,1,1967,228,2026-08-31T17:08:54.000Z,2026-08-09T16:31:35.000Z
Here Comes the Sun (2019 Mix),The Beatles,Abbey Road (Super Deluxe Edition) [2019 Remix & Remaster],Rock,4,2,1969,186,2026-08-31T17:12:00.000Z,2026-08-09T16:31:35.000Z
Yesterday,The Beatles,Help!,Rock,6,2,1965,126,2026-09-03T05:04:09.000Z,2026-08-09T16:31:35.000Z
Help!,The Beatles,1,Rock,0,2,1965,139,,2026-08-09T16:31:35.000Z
Let It Be (2021 Mix),The Beatles,Let It Be (2021 Mix),Rock,0,0,1970,243,,2026-08-09T16:31:35.000Z
I Want to Hold Your Hand,The Beatles,1,Rock,0,1,1963,146,,2026-08-09T16:31:35.000Z
Hey Jude,The Beatles,1,Rock,11,0,1968,430,2026-08-31T17:35:05.000Z,2026-08-09T16:31:35.000Z
Eleanor Rigby (2022 Mix),The Beatles,Revolver (2022 Mix),Rock,4,1,1966,127,2026-08-31T17:37:12.000Z,2026-08-09T16:31:35.000Z
Can't Buy Me Love,The Beatles,1,Rock,3,0,1964,132,2026-08-31T17:39:23.000Z,2026-08-09T16:31:35.000Z
In My Life,The Beatles,Rubber Soul,Rock,2,1,1965,146,2026-08-31T17:41:50.000Z,2026-08-09T16:31:35.000Z
Ticket to Ride,The Beatles,1,Rock,1,1,1965,190,2026-08-31T17:45:00.000Z,2026-08-09T16:31:35.000Z
Penny Lane,The Beatles,Magical Mystery Tour,Rock,1,0,1967,184,2026-08-31T17:48:01.000Z,2026-08-09T16:31:35.000Z
Come Together (2019 Mix),The Beatles,Abbey Road (Super Deluxe Edition) [2019 Remix & Remaster],Rock,5,1,1969,260,2026-08-31T17:52:22.000Z,2026-08-09T16:31:34.000Z
Day Tripper,The Beatles,1,Rock,2,0,1965,169,2026-08-31T17:55:11.000Z,2026-08-09T16:31:34.000Z
While My Guitar Gently Weeps,The Beatles,The Beatles (The White Album),Rock,1,0,1968,285,2026-08-31T17:59:57.000Z,2026-08-09T16:31:34.000Z
"Hello, Goodbye",The Beatles,1,Rock,0,0,1967,208,,2026-08-09T16:31:34.000Z
I Saw Her Standing There,The Beatles,Please Please Me,Rock,1,0,1963,173,2026-08-15T10:12:14.000Z,2026-08-09T16:31:35.000Z
Strawberry Fields Forever,The Beatles,Magical Mystery Tour,Rock,0,1,1967,248,,2026-08-09T16:31:34.000Z
Blackbird,The Beatles,The Beatles (The White Album),Rock,1,0,1968,138,2026-08-27T20:47:16.000Z,2026-08-09T16:31:35.000Z
"Ob-La-Di, Ob-La-Da",The Beatles,The Beatles (The White Album),Rock,0,1,1968,189,,2026-08-09T16:31:34.000Z
A Hard Day's Night,The Beatles,1,Rock,0,0,1964,154,,2026-08-09T16:31:35.000Z
Lucy In The Sky With Diamonds (2017 Mix),The Beatles,Sgt. Pepper's Lonely Hearts Club Band (2017 Mix),Rock,0,0,1967,208,,2026-08-09T16:31:35.000Z
Love Me Do,The Beatles,1,Rock,0,0,1962,140,,2026-08-09T16:31:35.000Z
Get Back (2021 Mix),The Beatles,Let It Be (2021 Mix),Rock,0,0,1970,188,,2026-08-09T16:31:35.000Z
We Can Work It Out,The Beatles,1,Rock,1,0,1965,136,2026-08-18T19:14:55.000Z,2026-08-09T16:31:34.000Z
With A Little Help From My Friends (2017 Mix),The Beatles,Sgt. Pepper's Lonely Hearts Club Band (2017 Mix),Rock,1,0,1967,165,2026-08-13T12:23:39.000Z,2026-08-09T16:31:34.000Z
Eight Days a Week,The Beatles,1,Rock,0,0,1964,164,,2026-08-09T16:31:35.000Z
Something (2019 Mix),The Beatles,Abbey Road (Super Deluxe Edition) [2019 Remix & Remaster],Rock,2,2,1969,182,2026-08-26T09:47:40.000Z,2026-08-09T16:31:35.000Z
She Loves You,The Beatles,1,Rock,0,0,1963,141,,2026-08-09T16:31:35.000Z
Twist and Shout,The Beatles,Please Please Me,Rock,0,1,1963,153,,2026-08-09T16:31:34.000Z
Yellow Submarine (2022 Mix),The Beatles,Revolver (2022 Mix),Rock,0,0,1966,159,,2026-08-09T16:31:35.000Z
I Feel Fine,The Beatles,1,Rock,2,0,1964,139,2026-08-28T18:54:10.000Z,2026-08-09T16:31:35.000Z
Don't Let Me Down,The Beatles,The Beatles 1967-1970 (The Blue Album),Rock,1,1,1969,216,2026-08-18T11:17:33.000Z,2026-08-09T16:31:33.000Z
All My Loving,The Beatles,With The Beatles,Rock,1,0,1963,128,2026-09-01T12:41:23.000Z,2026-08-09T16:31:34.000Z
Across the Universe (2021 Mix),The Beatles,Let It Be (2021 Mix),Rock,0,0,1970,228,,2026-08-09T16:31:34.000Z
And I Love Her,The Beatles,A Hard Day's Night,Rock,0,0,1964,150,,2026-08-09T16:31:35.000Z
When I'm Sixty-Four (2017 Mix),The Beatles,Sgt. Pepper's Lonely Hearts Club Band (2017 Mix),Rock,0,0,1967,160,,2026-08-09T16:31:34.000Z
Drive My Car,The Beatles,Rubber Soul,Rock,0,0,1965,148,,2026-08-09T16:31:34.000Z
Oh! Darling (2019 Mix),The Beatles,Abbey Road (2019 Mix),Rock,1,0,2019,207,2026-08-11T20:00:07.000Z,2026-08-09T16:31:35.000Z
A Day In The Life (2017 Mix),The Beatles,Sgt. Pepper's Lonely Hearts Club Band (2017 Mix),Rock,0,0,1967,331,,2026-08-09T16:31:34.000Z
Lady Madonna,The Beatles,1,Rock,0,0,1968,137,,2026-08-09T16:31:35.000Z
Norwegian Wood (This Bird Has Flown),The Beatles,Rubber Soul,Rock,0,1,1965,125,,2026-08-09T16:31:34.000Z
Sgt. Pepper's Lonely Hearts Club Band (2017 Mix),The Beatles,Sgt. Pepper's Lonely Hearts Club Band (2017 Mix),Rock,0,0,1967,122,,2026-08-09T16:31:34.000Z
Paperback Writer,The Beatles,1,Rock,0,0,1966,138,,2026-08-09T16:31:34.000Z
I Should Have Known Better,The Beatles,A Hard Day's Night,Rock,1,1,1964,163,2026-08-27T20:53:50.000Z,2026-08-09T16:31:35.000Z
The Long and Winding Road (2021 Mix),The Beatles,Let It Be (2021 Mix),Rock,0,0,1970,218,,2026-08-09T16:31:34.000Z
You've Got to Hide Your Love Away,The Beatles,Help!,Rock,0,1,1965,129,,2026-08-09T16:31:35.000Z
The Ballad of John and Yoko,The Beatles,1,Rock,2,0,1969,180,2026-08-24T16:21:58.000Z,2026-08-09T16:31:35.000Z
I Am the Walrus,The Beatles,Magical Mystery Tour,Rock,0,0,1967,276,,2026-08-09T16:31:34.000Z
Octopus's Garden (2019 Mix),The Beatles,Abbey Road (2019 Mix),Rock,1,0,1969,171,2026-08-11T20:02:58.000Z,2026-08-09T16:31:35.000Z
Back In the U.S.S.R.,The Beatles,The Beatles (The White Album),Pop,1,0,1968,162,2026-08-15T10:00:16.000Z,2026-08-09T16:31:35.000Z
Nowhere Man,The Beatles,Rubber Soul,Rock,0,0,1965,164,,2026-08-09T16:31:34.000Z
Revolution,The Beatles,"Past Masters, Vols. 1 & 2",Rock,0,1,1968,205,,2026-08-09T16:31:35.000Z
"Here, There and Everywhere (2022 Mix)",The Beatles,Revolver (2022 Mix),Rock,0,0,1966,145,,2026-08-09T16:31:35.000Z
The Fool On the Hill,The Beatles,Magical Mystery Tour,Rock,2,0,1967,179,2026-08-11T15:02:43.000Z,2026-08-09T16:31:34.000Z
Michelle,The Beatles,Rubber Soul,Rock,0,0,1965,162,,2026-08-09T16:31:34.000Z
Got to Get You Into My Life (Second Version / Unnumbered Mix),The Beatles,Revolver (Super Deluxe),Rock,0,0,1966,156,,2026-08-09T16:31:34.000Z
Please Please Me,The Beatles,Please Please Me,Rock,0,1,1963,121,,2026-08-09T16:31:34.000Z
For No One (2022 Mix),The Beatles,Revolver (2022 Mix),Rock,1,0,1966,120,2026-08-27T21:04:35.000Z,2026-08-09T16:31:34.000Z
From Me to You,The Beatles,1,Rock,2,2,1963,116,2026-09-01T12:37:20.000Z,2026-08-09T16:31:34.000Z
Magical Mystery Tour,The Beatles,Magical Mystery Tour,Rock,3,0,1967,169,2026-09-03T05:06:54.000Z,2026-08-09T16:31:34.000Z
I'll Follow the Sun,The Beatles,Beatles For Sale,Rock,0,1,1964,109,,2026-08-09T16:31:34.000Z
Girl,The Beatles,Rubber Soul,Rock,0,0,1965,152,,2026-08-09T16:31:34.000Z
Because (2019 Mix),The Beatles,Abbey Road (2019 Mix),Rock,1,1,1969,166,2026-08-11T20:05:43.000Z,2026-08-09T16:31:35.000Z
If I Needed Someone,The Beatles,Rubber Soul,Rock,0,0,1965,142,,2026-08-09T16:31:34.000Z
She Said She Said (2022 Mix),The Beatles,Revolver (2022 Mix),Rock,1,1,1966,156,2026-09-01T12:43:59.000Z,2026-08-09T16:31:35.000Z
Rain,The Beatles,"Past Masters, Vols. 1 & 2",Rock,0,1,1966,181,,2026-08-09T16:31:34.000Z
And Your Bird Can Sing,The Beatles,Revolver,Rock,0,1,1966,120,,2026-08-09T16:31:34.000Z
Helter Skelter,The Beatles,The Beatles (The White Album),Rock,0,0,1968,270,,2026-08-09T16:31:34.000Z
Tomorrow Never Knows (2022 Mix),The Beatles,Revolver (2022 Mix),Rock,0,1,1966,178,,2026-08-09T16:31:34.000Z
Piano Man,Billy Joel,Piano Man,Rock,3,3,1973,339,2026-08-28T08:09:12.000Z,2026-08-11T16:53:54.000Z
Made In Japan,Buck Owens,The Complete Capitol Singles: 1971-1975,Country,9,3,1992,165,2026-08-20T13:19:47.000Z,2026-08-12T19:53:09.000Z
WASTE,KXLLSWXTCH,DISORDER,Alternative,8,1,2021,120,2026-08-18T17:27:03.000Z,2026-08-16T17:17:45.000Z
Back To Black,Amy Winehouse,Back To Black,R&B/Soul,1,0,2006,241,2026-08-23T21:24:39.000Z,2026-08-22T15:42:57.000Z
Devil Eyes,Hippie Sabotage,Providence,Electronic,7,0,2016,131,2026-08-29T19:40:03.000Z,2026-08-28T07:20:06.000Z
Ain't That a Bitch,Aerosmith,Nine Lives,Rock,2,0,1997,326,2026-09-02T13:49:34.000Z,2026-09-01T11:45:00.000Z
